Karakter Çifti,Ortak Komşular
"('Adrian Pucey', 'Alicia Spinnet')",0
"('Adrian Pucey', 'Angelina Johnson')",0
"('Adrian Pucey', 'Anthony Goldstein')",0
"('Adrian Pucey', 'Blaise Zabini')",0
"('Adrian Pucey', 'C. Warrington')",0
"('Adrian Pucey', 'Cedric Diggory')",0
"('Adrian Pucey', 'Cho Chang')",0
"('Adrian Pucey', 'Colin Creevey')",0
"('Adrian Pucey', 'Cormac McLaggen')",0
"('Adrian Pucey', 'Dean Thomas')",0
"('Adrian Pucey', 'Demelza Robins')",0
"('Adrian Pucey', 'Dennis Creevey')",0
"('Adrian Pucey', 'Draco Malfoy')",0
"('Adrian Pucey', 'Eddie Carmichael')",0
"('Adrian Pucey', 'Eleanor Branstone')",0
"('Adrian Pucey', 'Ernie Macmillan')",0
"('Adrian Pucey', 'Euan Abercrombie')",0
"('Adrian Pucey', 'Fred Weasley')",0
"('Adrian Pucey', 'George Weasley')",0
"('Adrian Pucey', 'Ginny Weasley')",0
"('Adrian Pucey', 'Graham Pritchard')",0
"('Adrian Pucey', 'Gregory Goyle')",0
"('Adrian Pucey', 'Hannah Abbott')",0
"('Adrian Pucey', 'Harry James Potter')",0
"('Adrian Pucey', 'Hermione Granger')",0
"('Adrian Pucey', 'Jimmy Peakes')",0
"('Adrian Pucey', 'Justin Finch-Fletchley')",0
"('Adrian Pucey', 'Katie Bell')",0
"('Adrian Pucey', 'Kevin Whitby')",0
"('Adrian Pucey', 'Lavender Brown')",0
"('Adrian Pucey', 'Leanne')",0
"('Adrian Pucey', 'Lee Jordan')",0
"('Adrian Pucey', 'Lucian Bole')",0
"('Adrian Pucey', 'Luna Lovegood')",0
"('Adrian Pucey', 'Malcolm Baddock')",0
"('Adrian Pucey', 'Mandy Brocklehurst')",0
"('Adrian Pucey', 'Marcus Belby')",0
"('Adrian Pucey', 'Marcus Flint')",0
"('Adrian Pucey', 'Michael Corner')",0
"('Adrian Pucey', 'Miles Bletchley')",0
"('Adrian Pucey', 'Millicent Bulstrode')",0
"('Adrian Pucey', 'Natalie McDonald')",0
"('Adrian Pucey', 'Neville Longbottom')",0
"('Adrian Pucey', 'Oliver Wood')",0
"('Adrian Pucey', 'Orla Quirke')",0
"('Adrian Pucey', 'Owen Cauldwell')",0
"('Adrian Pucey', 'Padma Patil')",0
"('Adrian Pucey', 'Pansy Parkinson')",0
"('Adrian Pucey', 'Parvati Patil')",0
"('Adrian Pucey', 'Penelope Clearwater')",0
"('Adrian Pucey', 'Percy Weasley')",0
"('Adrian Pucey', 'Peregrine Derrick')",0
"('Adrian Pucey', 'Roger Davies')",0
"('Adrian Pucey', 'Romilda Vane')",0
"('Adrian Pucey', 'Ronald Weasley')",0
"('Adrian Pucey', 'Rose Zeller')",0
"('Adrian Pucey', 'Seamus Finnigan')",0
"('Adrian Pucey', 'Stewart Ackerley')",0
"('Adrian Pucey', 'Susan Bones')",0
"('Adrian Pucey', 'Terry Boot')",0
"('Adrian Pucey', 'Theodore Nott')",0
"('Adrian Pucey', 'Vincent Crabbe')",0
"('Adrian Pucey', 'Zacharias Smith')",0
"('Alicia Spinnet', 'Angelina Johnson')",9
"('Alicia Spinnet', 'Anthony Goldstein')",1
"('Alicia Spinnet', 'Blaise Zabini')",0
"('Alicia Spinnet', 'C. Warrington')",0
"('Alicia Spinnet', 'Cedric Diggory')",1
"('Alicia Spinnet', 'Cho Chang')",1
"('Alicia Spinnet', 'Colin Creevey')",1
"('Alicia Spinnet', 'Cormac McLaggen')",0
"('Alicia Spinnet', 'Dean Thomas')",3
"('Alicia Spinnet', 'Demelza Robins')",0
"('Alicia Spinnet', 'Dennis Creevey')",1
"('Alicia Spinnet', 'Draco Malfoy')",0
"('Alicia Spinnet', 'Eddie Carmichael')",0
"('Alicia Spinnet', 'Eleanor Branstone')",0
"('Alicia Spinnet', 'Ernie Macmillan')",1
"('Alicia Spinnet', 'Euan Abercrombie')",0
"('Alicia Spinnet', 'Fred Weasley')",9
"('Alicia Spinnet', 'George Weasley')",9
"('Alicia Spinnet', 'Ginny Weasley')",5
"('Alicia Spinnet', 'Graham Pritchard')",0
"('Alicia Spinnet', 'Gregory Goyle')",0
"('Alicia Spinnet', 'Hannah Abbott')",1
"('Alicia Spinnet', 'Harry James Potter')",8
"('Alicia Spinnet', 'Hermione Granger')",9
"('Alicia Spinnet', 'Jimmy Peakes')",0
"('Alicia Spinnet', 'Justin Finch-Fletchley')",1
"('Alicia Spinnet', 'Katie Bell')",7
"('Alicia Spinnet', 'Kevin Whitby')",0
"('Alicia Spinnet', 'Lavender Brown')",1
"('Alicia Spinnet', 'Leanne')",1
"('Alicia Spinnet', 'Lee Jordan')",4
"('Alicia Spinnet', 'Lucian Bole')",0
"('Alicia Spinnet', 'Luna Lovegood')",3
"('Alicia Spinnet', 'Malcolm Baddock')",0
"('Alicia Spinnet', 'Mandy Brocklehurst')",0
"('Alicia Spinnet', 'Marcus Belby')",0
"('Alicia Spinnet', 'Marcus Flint')",0
"('Alicia Spinnet', 'Michael Corner')",0
"('Alicia Spinnet', 'Miles Bletchley')",0
"('Alicia Spinnet', 'Millicent Bulstrode')",0
"('Alicia Spinnet', 'Natalie McDonald')",0
"('Alicia Spinnet', 'Neville Longbottom')",3
"('Alicia Spinnet', 'Oliver Wood')",8
"('Alicia Spinnet', 'Orla Quirke')",0
"('Alicia Spinnet', 'Owen Cauldwell')",0
"('Alicia Spinnet', 'Padma Patil')",1
"('Alicia Spinnet', 'Pansy Parkinson')",0
"('Alicia Spinnet', 'Parvati Patil')",0
"('Alicia Spinnet', 'Penelope Clearwater')",0
"('Alicia Spinnet', 'Percy Weasley')",2
"('Alicia Spinnet', 'Peregrine Derrick')",0
"('Alicia Spinnet', 'Roger Davies')",0
"('Alicia Spinnet', 'Romilda Vane')",0
"('Alicia Spinnet', 'Ronald Weasley')",8
"('Alicia Spinnet', 'Rose Zeller')",0
"('Alicia Spinnet', 'Seamus Finnigan')",3
"('Alicia Spinnet', 'Stewart Ackerley')",0
"('Alicia Spinnet', 'Susan Bones')",1
"('Alicia Spinnet', 'Terry Boot')",2
"('Alicia Spinnet', 'Theodore Nott')",0
"('Alicia Spinnet', 'Vincent Crabbe')",0
"('Alicia Spinnet', 'Zacharias Smith')",0
"('Angelina Johnson', 'Anthony Goldstein')",1
"('Angelina Johnson', 'Blaise Zabini')",0
"('Angelina Johnson', 'C. Warrington')",0
"('Angelina Johnson', 'Cedric Diggory')",1
"('Angelina Johnson', 'Cho Chang')",1
"('Angelina Johnson', 'Colin Creevey')",1
"('Angelina Johnson', 'Cormac McLaggen')",0
"('Angelina Johnson', 'Dean Thomas')",3
"('Angelina Johnson', 'Demelza Robins')",0
"('Angelina Johnson', 'Dennis Creevey')",1
"('Angelina Johnson', 'Draco Malfoy')",0
"('Angelina Johnson', 'Eddie Carmichael')",0
"('Angelina Johnson', 'Eleanor Branstone')",0
"('Angelina Johnson', 'Ernie Macmillan')",1
"('Angelina Johnson', 'Euan Abercrombie')",0
"('Angelina Johnson', 'Fred Weasley')",9
"('Angelina Johnson', 'George Weasley')",9
"('Angelina Johnson', 'Ginny Weasley')",5
"('Angelina Johnson', 'Graham Pritchard')",0
"('Angelina Johnson', 'Gregory Goyle')",0
"('Angelina Johnson', 'Hannah Abbott')",1
"('Angelina Johnson', 'Harry James Potter')",8
"('Angelina Johnson', 'Hermione Granger')",9
"('Angelina Johnson', 'Jimmy Peakes')",0
"('Angelina Johnson', 'Justin Finch-Fletchley')",1
"('Angelina Johnson', 'Katie Bell')",7
"('Angelina Johnson', 'Kevin Whitby')",0
"('Angelina Johnson', 'Lavender Brown')",1
"('Angelina Johnson', 'Leanne')",1
"('Angelina Johnson', 'Lee Jordan')",4
"('Angelina Johnson', 'Lucian Bole')",0
"('Angelina Johnson', 'Luna Lovegood')",3
"('Angelina Johnson', 'Malcolm Baddock')",0
"('Angelina Johnson', 'Mandy Brocklehurst')",0
"('Angelina Johnson', 'Marcus Belby')",0
"('Angelina Johnson', 'Marcus Flint')",0
"('Angelina Johnson', 'Michael Corner')",0
"('Angelina Johnson', 'Miles Bletchley')",0
"('Angelina Johnson', 'Millicent Bulstrode')",0
"('Angelina Johnson', 'Natalie McDonald')",0
"('Angelina Johnson', 'Neville Longbottom')",3
"('Angelina Johnson', 'Oliver Wood')",8
"('Angelina Johnson', 'Orla Quirke')",0
"('Angelina Johnson', 'Owen Cauldwell')",0
"('Angelina Johnson', 'Padma Patil')",1
"('Angelina Johnson', 'Pansy Parkinson')",0
"('Angelina Johnson', 'Parvati Patil')",0
"('Angelina Johnson', 'Penelope Clearwater')",0
"('Angelina Johnson', 'Percy Weasley')",2
"('Angelina Johnson', 'Peregrine Derrick')",0
"('Angelina Johnson', 'Roger Davies')",0
"('Angelina Johnson', 'Romilda Vane')",0
"('Angelina Johnson', 'Ronald Weasley')",8
"('Angelina Johnson', 'Rose Zeller')",0
"('Angelina Johnson', 'Seamus Finnigan')",3
"('Angelina Johnson', 'Stewart Ackerley')",0
"('Angelina Johnson', 'Susan Bones')",1
"('Angelina Johnson', 'Terry Boot')",2
"('Angelina Johnson', 'Theodore Nott')",0
"('Angelina Johnson', 'Vincent Crabbe')",0
"('Angelina Johnson', 'Zacharias Smith')",0
"('Anthony Goldstein', 'Blaise Zabini')",0
"('Anthony Goldstein', 'C. Warrington')",0
"('Anthony Goldstein', 'Cedric Diggory')",1
"('Anthony Goldstein', 'Cho Chang')",1
"('Anthony Goldstein', 'Colin Creevey')",1
"('Anthony Goldstein', 'Cormac McLaggen')",0
"('Anthony Goldstein', 'Dean Thomas')",1
"('Anthony Goldstein', 'Demelza Robins')",0
"('Anthony Goldstein', 'Dennis Creevey')",1
"('Anthony Goldstein', 'Draco Malfoy')",0
"('Anthony Goldstein', 'Eddie Carmichael')",0
"('Anthony Goldstein', 'Eleanor Branstone')",0
"('Anthony Goldstein', 'Ernie Macmillan')",7
"('Anthony Goldstein', 'Euan Abercrombie')",0
"('Anthony Goldstein', 'Fred Weasley')",1
"('Anthony Goldstein', 'George Weasley')",1
"('Anthony Goldstein', 'Ginny Weasley')",1
"('Anthony Goldstein', 'Graham Pritchard')",0
"('Anthony Goldstein', 'Gregory Goyle')",0
"('Anthony Goldstein', 'Hannah Abbott')",7
"('Anthony Goldstein', 'Harry James Potter')",3
"('Anthony Goldstein', 'Hermione Granger')",1
"('Anthony Goldstein', 'Jimmy Peakes')",0
"('Anthony Goldstein', 'Justin Finch-Fletchley')",7
"('Anthony Goldstein', 'Katie Bell')",1
"('Anthony Goldstein', 'Kevin Whitby')",0
"('Anthony Goldstein', 'Lavender Brown')",0
"('Anthony Goldstein', 'Leanne')",0
"('Anthony Goldstein', 'Lee Jordan')",1
"('Anthony Goldstein', 'Lucian Bole')",0
"('Anthony Goldstein', 'Luna Lovegood')",1
"('Anthony Goldstein', 'Malcolm Baddock')",0
"('Anthony Goldstein', 'Mandy Brocklehurst')",0
"('Anthony Goldstein', 'Marcus Belby')",0
"('Anthony Goldstein', 'Marcus Flint')",0
"('Anthony Goldstein', 'Michael Corner')",0
"('Anthony Goldstein', 'Miles Bletchley')",0
"('Anthony Goldstein', 'Millicent Bulstrode')",0
"('Anthony Goldstein', 'Natalie McDonald')",0
"('Anthony Goldstein', 'Neville Longbottom')",1
"('Anthony Goldstein', 'Oliver Wood')",1
"('Anthony Goldstein', 'Orla Quirke')",0
"('Anthony Goldstein', 'Owen Cauldwell')",0
"('Anthony Goldstein', 'Padma Patil')",1
"('Anthony Goldstein', 'Pansy Parkinson')",0
"('Anthony Goldstein', 'Parvati Patil')",0
"('Anthony Goldstein', 'Penelope Clearwater')",0
"('Anthony Goldstein', 'Percy Weasley')",1
"('Anthony Goldstein', 'Peregrine Derrick')",0
"('Anthony Goldstein', 'Roger Davies')",0
"('Anthony Goldstein', 'Romilda Vane')",0
"('Anthony Goldstein', 'Ronald Weasley')",1
"('Anthony Goldstein', 'Rose Zeller')",0
"('Anthony Goldstein', 'Seamus Finnigan')",1
"('Anthony Goldstein', 'Stewart Ackerley')",0
"('Anthony Goldstein', 'Susan Bones')",7
"('Anthony Goldstein', 'Terry Boot')",7
"('Anthony Goldstein', 'Theodore Nott')",0
"('Anthony Goldstein', 'Vincent Crabbe')",0
"('Anthony Goldstein', 'Zacharias Smith')",0
"('Blaise Zabini', 'C. Warrington')",0
"('Blaise Zabini', 'Cedric Diggory')",0
"('Blaise Zabini', 'Cho Chang')",0
"('Blaise Zabini', 'Colin Creevey')",0
"('Blaise Zabini', 'Cormac McLaggen')",0
"('Blaise Zabini', 'Dean Thomas')",0
"('Blaise Zabini', 'Demelza Robins')",0
"('Blaise Zabini', 'Dennis Creevey')",0
"('Blaise Zabini', 'Draco Malfoy')",0
"('Blaise Zabini', 'Eddie Carmichael')",0
"('Blaise Zabini', 'Eleanor Branstone')",0
"('Blaise Zabini', 'Ernie Macmillan')",0
"('Blaise Zabini', 'Euan Abercrombie')",0
"('Blaise Zabini', 'Fred Weasley')",0
"('Blaise Zabini', 'George Weasley')",0
"('Blaise Zabini', 'Ginny Weasley')",0
"('Blaise Zabini', 'Graham Pritchard')",0
"('Blaise Zabini', 'Gregory Goyle')",0
"('Blaise Zabini', 'Hannah Abbott')",0
"('Blaise Zabini', 'Harry James Potter')",0
"('Blaise Zabini', 'Hermione Granger')",0
"('Blaise Zabini', 'Jimmy Peakes')",0
"('Blaise Zabini', 'Justin Finch-Fletchley')",0
"('Blaise Zabini', 'Katie Bell')",0
"('Blaise Zabini', 'Kevin Whitby')",0
"('Blaise Zabini', 'Lavender Brown')",0
"('Blaise Zabini', 'Leanne')",0
"('Blaise Zabini', 'Lee Jordan')",0
"('Blaise Zabini', 'Lucian Bole')",0
"('Blaise Zabini', 'Luna Lovegood')",0
"('Blaise Zabini', 'Malcolm Baddock')",0
"('Blaise Zabini', 'Mandy Brocklehurst')",0
"('Blaise Zabini', 'Marcus Belby')",0
"('Blaise Zabini', 'Marcus Flint')",0
"('Blaise Zabini', 'Michael Corner')",0
"('Blaise Zabini', 'Miles Bletchley')",0
"('Blaise Zabini', 'Millicent Bulstrode')",0
"('Blaise Zabini', 'Natalie McDonald')",0
"('Blaise Zabini', 'Neville Longbottom')",0
"('Blaise Zabini', 'Oliver Wood')",0
"('Blaise Zabini', 'Orla Quirke')",0
"('Blaise Zabini', 'Owen Cauldwell')",0
"('Blaise Zabini', 'Padma Patil')",0
"('Blaise Zabini', 'Pansy Parkinson')",0
"('Blaise Zabini', 'Parvati Patil')",0
"('Blaise Zabini', 'Penelope Clearwater')",0
"('Blaise Zabini', 'Percy Weasley')",0
"('Blaise Zabini', 'Peregrine Derrick')",0
"('Blaise Zabini', 'Roger Davies')",0
"('Blaise Zabini', 'Romilda Vane')",0
"('Blaise Zabini', 'Ronald Weasley')",0
"('Blaise Zabini', 'Rose Zeller')",0
"('Blaise Zabini', 'Seamus Finnigan')",0
"('Blaise Zabini', 'Stewart Ackerley')",0
"('Blaise Zabini', 'Susan Bones')",0
"('Blaise Zabini', 'Terry Boot')",0
"('Blaise Zabini', 'Theodore Nott')",0
"('Blaise Zabini', 'Vincent Crabbe')",0
"('Blaise Zabini', 'Zacharias Smith')",0
"('C. Warrington', 'Cedric Diggory')",0
"('C. Warrington', 'Cho Chang')",0
"('C. Warrington', 'Colin Creevey')",0
"('C. Warrington', 'Cormac McLaggen')",0
"('C. Warrington', 'Dean Thomas')",0
"('C. Warrington', 'Demelza Robins')",0
"('C. Warrington', 'Dennis Creevey')",0
"('C. Warrington', 'Draco Malfoy')",0
"('C. Warrington', 'Eddie Carmichael')",0
"('C. Warrington', 'Eleanor Branstone')",0
"('C. Warrington', 'Ernie Macmillan')",0
"('C. Warrington', 'Euan Abercrombie')",0
"('C. Warrington', 'Fred Weasley')",0
"('C. Warrington', 'George Weasley')",0
"('C. Warrington', 'Ginny Weasley')",0
"('C. Warrington', 'Graham Pritchard')",0
"('C. Warrington', 'Gregory Goyle')",0
"('C. Warrington', 'Hannah Abbott')",0
"('C. Warrington', 'Harry James Potter')",0
"('C. Warrington', 'Hermione Granger')",0
"('C. Warrington', 'Jimmy Peakes')",0
"('C. Warrington', 'Justin Finch-Fletchley')",0
"('C. Warrington', 'Katie Bell')",0
"('C. Warrington', 'Kevin Whitby')",0
"('C. Warrington', 'Lavender Brown')",0
"('C. Warrington', 'Leanne')",0
"('C. Warrington', 'Lee Jordan')",0
"('C. Warrington', 'Lucian Bole')",0
"('C. Warrington', 'Luna Lovegood')",0
"('C. Warrington', 'Malcolm Baddock')",0
"('C. Warrington', 'Mandy Brocklehurst')",0
"('C. Warrington', 'Marcus Belby')",0
"('C. Warrington', 'Marcus Flint')",0
"('C. Warrington', 'Michael Corner')",0
"('C. Warrington', 'Miles Bletchley')",0
"('C. Warrington', 'Millicent Bulstrode')",0
"('C. Warrington', 'Natalie McDonald')",0
"('C. Warrington', 'Neville Longbottom')",0
"('C. Warrington', 'Oliver Wood')",0
"('C. Warrington', 'Orla Quirke')",0
"('C. Warrington', 'Owen Cauldwell')",0
"('C. Warrington', 'Padma Patil')",0
"('C. Warrington', 'Pansy Parkinson')",0
"('C. Warrington', 'Parvati Patil')",0
"('C. Warrington', 'Penelope Clearwater')",0
"('C. Warrington', 'Percy Weasley')",0
"('C. Warrington', 'Peregrine Derrick')",0
"('C. Warrington', 'Roger Davies')",0
"('C. Warrington', 'Romilda Vane')",0
"('C. Warrington', 'Ronald Weasley')",0
"('C. Warrington', 'Rose Zeller')",0
"('C. Warrington', 'Seamus Finnigan')",0
"('C. Warrington', 'Stewart Ackerley')",0
"('C. Warrington', 'Susan Bones')",0
"('C. Warrington', 'Terry Boot')",0
"('C. Warrington', 'Theodore Nott')",0
"('C. Warrington', 'Vincent Crabbe')",0
"('C. Warrington', 'Zacharias Smith')",0
"('Cedric Diggory', 'Cho Chang')",2
"('Cedric Diggory', 'Colin Creevey')",1
"('Cedric Diggory', 'Cormac McLaggen')",0
"('Cedric Diggory', 'Dean Thomas')",1
"('Cedric Diggory', 'Demelza Robins')",0
"('Cedric Diggory', 'Dennis Creevey')",1
"('Cedric Diggory', 'Draco Malfoy')",0
"('Cedric Diggory', 'Eddie Carmichael')",0
"('Cedric Diggory', 'Eleanor Branstone')",0
"('Cedric Diggory', 'Ernie Macmillan')",1
"('Cedric Diggory', 'Euan Abercrombie')",0
"('Cedric Diggory', 'Fred Weasley')",1
"('Cedric Diggory', 'George Weasley')",1
"('Cedric Diggory', 'Ginny Weasley')",1
"('Cedric Diggory', 'Graham Pritchard')",0
"('Cedric Diggory', 'Gregory Goyle')",0
"('Cedric Diggory', 'Hannah Abbott')",1
"('Cedric Diggory', 'Harry James Potter')",3
"('Cedric Diggory', 'Hermione Granger')",1
"('Cedric Diggory', 'Jimmy Peakes')",0
"('Cedric Diggory', 'Justin Finch-Fletchley')",1
"('Cedric Diggory', 'Katie Bell')",1
"('Cedric Diggory', 'Kevin Whitby')",0
"('Cedric Diggory', 'Lavender Brown')",0
"('Cedric Diggory', 'Leanne')",0
"('Cedric Diggory', 'Lee Jordan')",1
"('Cedric Diggory', 'Lucian Bole')",0
"('Cedric Diggory', 'Luna Lovegood')",1
"('Cedric Diggory', 'Malcolm Baddock')",0
"('Cedric Diggory', 'Mandy Brocklehurst')",0
"('Cedric Diggory', 'Marcus Belby')",0
"('Cedric Diggory', 'Marcus Flint')",0
"('Cedric Diggory', 'Michael Corner')",0
"('Cedric Diggory', 'Miles Bletchley')",0
"('Cedric Diggory', 'Millicent Bulstrode')",0
"('Cedric Diggory', 'Natalie McDonald')",0
"('Cedric Diggory', 'Neville Longbottom')",1
"('Cedric Diggory', 'Oliver Wood')",1
"('Cedric Diggory', 'Orla Quirke')",0
"('Cedric Diggory', 'Owen Cauldwell')",0
"('Cedric Diggory', 'Padma Patil')",1
"('Cedric Diggory', 'Pansy Parkinson')",0
"('Cedric Diggory', 'Parvati Patil')",0
"('Cedric Diggory', 'Penelope Clearwater')",0
"('Cedric Diggory', 'Percy Weasley')",1
"('Cedric Diggory', 'Peregrine Derrick')",0
"('Cedric Diggory', 'Roger Davies')",0
"('Cedric Diggory', 'Romilda Vane')",0
"('Cedric Diggory', 'Ronald Weasley')",1
"('Cedric Diggory', 'Rose Zeller')",0
"('Cedric Diggory', 'Seamus Finnigan')",1
"('Cedric Diggory', 'Stewart Ackerley')",0
"('Cedric Diggory', 'Susan Bones')",1
"('Cedric Diggory', 'Terry Boot')",1
"('Cedric Diggory', 'Theodore Nott')",0
"('Cedric Diggory', 'Vincent Crabbe')",0
"('Cedric Diggory', 'Zacharias Smith')",0
"('Cho Chang', 'Colin Creevey')",1
"('Cho Chang', 'Cormac McLaggen')",0
"('Cho Chang', 'Dean Thomas')",1
"('Cho Chang', 'Demelza Robins')",0
"('Cho Chang', 'Dennis Creevey')",1
"('Cho Chang', 'Draco Malfoy')",0
"('Cho Chang', 'Eddie Carmichael')",0
"('Cho Chang', 'Eleanor Branstone')",0
"('Cho Chang', 'Ernie Macmillan')",1
"('Cho Chang', 'Euan Abercrombie')",0
"('Cho Chang', 'Fred Weasley')",1
"('Cho Chang', 'George Weasley')",1
"('Cho Chang', 'Ginny Weasley')",1
"('Cho Chang', 'Graham Pritchard')",0
"('Cho Chang', 'Gregory Goyle')",0
"('Cho Chang', 'Hannah Abbott')",1
"('Cho Chang', 'Harry James Potter')",2
"('Cho Chang', 'Hermione Granger')",1
"('Cho Chang', 'Jimmy Peakes')",0
"('Cho Chang', 'Justin Finch-Fletchley')",1
"('Cho Chang', 'Katie Bell')",1
"('Cho Chang', 'Kevin Whitby')",0
"('Cho Chang', 'Lavender Brown')",0
"('Cho Chang', 'Leanne')",0
"('Cho Chang', 'Lee Jordan')",1
"('Cho Chang', 'Lucian Bole')",0
"('Cho Chang', 'Luna Lovegood')",1
"('Cho Chang', 'Malcolm Baddock')",0
"('Cho Chang', 'Mandy Brocklehurst')",0
"('Cho Chang', 'Marcus Belby')",0
"('Cho Chang', 'Marcus Flint')",0
"('Cho Chang', 'Michael Corner')",0
"('Cho Chang', 'Miles Bletchley')",0
"('Cho Chang', 'Millicent Bulstrode')",0
"('Cho Chang', 'Natalie McDonald')",0
"('Cho Chang', 'Neville Longbottom')",1
"('Cho Chang', 'Oliver Wood')",1
"('Cho Chang', 'Orla Quirke')",0
"('Cho Chang', 'Owen Cauldwell')",0
"('Cho Chang', 'Padma Patil')",1
"('Cho Chang', 'Pansy Parkinson')",0
"('Cho Chang', 'Parvati Patil')",0
"('Cho Chang', 'Penelope Clearwater')",0
"('Cho Chang', 'Percy Weasley')",1
"('Cho Chang', 'Peregrine Derrick')",0
"('Cho Chang', 'Roger Davies')",0
"('Cho Chang', 'Romilda Vane')",0
"('Cho Chang', 'Ronald Weasley')",1
"('Cho Chang', 'Rose Zeller')",0
"('Cho Chang', 'Seamus Finnigan')",1
"('Cho Chang', 'Stewart Ackerley')",0
"('Cho Chang', 'Susan Bones')",1
"('Cho Chang', 'Terry Boot')",1
"('Cho Chang', 'Theodore Nott')",0
"('Cho Chang', 'Vincent Crabbe')",0
"('Cho Chang', 'Zacharias Smith')",0
"('Colin Creevey', 'Cormac McLaggen')",0
"('Colin Creevey', 'Dean Thomas')",1
"('Colin Creevey', 'Demelza Robins')",0
"('Colin Creevey', 'Dennis Creevey')",3
"('Colin Creevey', 'Draco Malfoy')",0
"('Colin Creevey', 'Eddie Carmichael')",0
"('Colin Creevey', 'Eleanor Branstone')",0
"('Colin Creevey', 'Ernie Macmillan')",1
"('Colin Creevey', 'Euan Abercrombie')",0
"('Colin Creevey', 'Fred Weasley')",1
"('Colin Creevey', 'George Weasley')",1
"('Colin Creevey', 'Ginny Weasley')",1
"('Colin Creevey', 'Graham Pritchard')",0
"('Colin Creevey', 'Gregory Goyle')",0
"('Colin Creevey', 'Hannah Abbott')",1
"('Colin Creevey', 'Harry James Potter')",1
"('Colin Creevey', 'Hermione Granger')",1
"('Colin Creevey', 'Jimmy Peakes')",0
"('Colin Creevey', 'Justin Finch-Fletchley')",1
"('Colin Creevey', 'Katie Bell')",1
"('Colin Creevey', 'Kevin Whitby')",0
"('Colin Creevey', 'Lavender Brown')",0
"('Colin Creevey', 'Leanne')",0
"('Colin Creevey', 'Lee Jordan')",1
"('Colin Creevey', 'Lucian Bole')",0
"('Colin Creevey', 'Luna Lovegood')",1
"('Colin Creevey', 'Malcolm Baddock')",0
"('Colin Creevey', 'Mandy Brocklehurst')",0
"('Colin Creevey', 'Marcus Belby')",0
"('Colin Creevey', 'Marcus Flint')",0
"('Colin Creevey', 'Michael Corner')",0
"('Colin Creevey', 'Miles Bletchley')",0
"('Colin Creevey', 'Millicent Bulstrode')",0
"('Colin Creevey', 'Natalie McDonald')",0
"('Colin Creevey', 'Neville Longbottom')",1
"('Colin Creevey', 'Oliver Wood')",1
"('Colin Creevey', 'Orla Quirke')",0
"('Colin Creevey', 'Owen Cauldwell')",0
"('Colin Creevey', 'Padma Patil')",1
"('Colin Creevey', 'Pansy Parkinson')",0
"('Colin Creevey', 'Parvati Patil')",0
"('Colin Creevey', 'Penelope Clearwater')",0
"('Colin Creevey', 'Percy Weasley')",1
"('Colin Creevey', 'Peregrine Derrick')",0
"('Colin Creevey', 'Roger Davies')",0
"('Colin Creevey', 'Romilda Vane')",0
"('Colin Creevey', 'Ronald Weasley')",1
"('Colin Creevey', 'Rose Zeller')",0
"('Colin Creevey', 'Seamus Finnigan')",1
"('Colin Creevey', 'Stewart Ackerley')",0
"('Colin Creevey', 'Susan Bones')",1
"('Colin Creevey', 'Terry Boot')",1
"('Colin Creevey', 'Theodore Nott')",0
"('Colin Creevey', 'Vincent Crabbe')",0
"('Colin Creevey', 'Zacharias Smith')",0
"('Cormac McLaggen', 'Dean Thomas')",0
"('Cormac McLaggen', 'Demelza Robins')",0
"('Cormac McLaggen', 'Dennis Creevey')",0
"('Cormac McLaggen', 'Draco Malfoy')",0
"('Cormac McLaggen', 'Eddie Carmichael')",0
"('Cormac McLaggen', 'Eleanor Branstone')",0
"('Cormac McLaggen', 'Ernie Macmillan')",0
"('Cormac McLaggen', 'Euan Abercrombie')",0
"('Cormac McLaggen', 'Fred Weasley')",0
"('Cormac McLaggen', 'George Weasley')",0
"('Cormac McLaggen', 'Ginny Weasley')",0
"('Cormac McLaggen', 'Graham Pritchard')",0
"('Cormac McLaggen', 'Gregory Goyle')",0
"('Cormac McLaggen', 'Hannah Abbott')",0
"('Cormac McLaggen', 'Harry James Potter')",0
"('Cormac McLaggen', 'Hermione Granger')",0
"('Cormac McLaggen', 'Jimmy Peakes')",0
"('Cormac McLaggen', 'Justin Finch-Fletchley')",0
"('Cormac McLaggen', 'Katie Bell')",0
"('Cormac McLaggen', 'Kevin Whitby')",0
"('Cormac McLaggen', 'Lavender Brown')",0
"('Cormac McLaggen', 'Leanne')",0
"('Cormac McLaggen', 'Lee Jordan')",0
"('Cormac McLaggen', 'Lucian Bole')",0
"('Cormac McLaggen', 'Luna Lovegood')",0
"('Cormac McLaggen', 'Malcolm Baddock')",0
"('Cormac McLaggen', 'Mandy Brocklehurst')",0
"('Cormac McLaggen', 'Marcus Belby')",0
"('Cormac McLaggen', 'Marcus Flint')",0
"('Cormac McLaggen', 'Michael Corner')",0
"('Cormac McLaggen', 'Miles Bletchley')",0
"('Cormac McLaggen', 'Millicent Bulstrode')",0
"('Cormac McLaggen', 'Natalie McDonald')",0
"('Cormac McLaggen', 'Neville Longbottom')",0
"('Cormac McLaggen', 'Oliver Wood')",0
"('Cormac McLaggen', 'Orla Quirke')",0
"('Cormac McLaggen', 'Owen Cauldwell')",0
"('Cormac McLaggen', 'Padma Patil')",0
"('Cormac McLaggen', 'Pansy Parkinson')",0
"('Cormac McLaggen', 'Parvati Patil')",0
"('Cormac McLaggen', 'Penelope Clearwater')",0
"('Cormac McLaggen', 'Percy Weasley')",0
"('Cormac McLaggen', 'Peregrine Derrick')",0
"('Cormac McLaggen', 'Roger Davies')",0
"('Cormac McLaggen', 'Romilda Vane')",0
"('Cormac McLaggen', 'Ronald Weasley')",0
"('Cormac McLaggen', 'Rose Zeller')",0
"('Cormac McLaggen', 'Seamus Finnigan')",0
"('Cormac McLaggen', 'Stewart Ackerley')",0
"('Cormac McLaggen', 'Susan Bones')",0
"('Cormac McLaggen', 'Terry Boot')",0
"('Cormac McLaggen', 'Theodore Nott')",0
"('Cormac McLaggen', 'Vincent Crabbe')",0
"('Cormac McLaggen', 'Zacharias Smith')",0
"('Dean Thomas', 'Demelza Robins')",0
"('Dean Thomas', 'Dennis Creevey')",1
"('Dean Thomas', 'Draco Malfoy')",0
"('Dean Thomas', 'Eddie Carmichael')",0
"('Dean Thomas', 'Eleanor Branstone')",0
"('Dean Thomas', 'Ernie Macmillan')",1
"('Dean Thomas', 'Euan Abercrombie')",0
"('Dean Thomas', 'Fred Weasley')",3
"('Dean Thomas', 'George Weasley')",3
"('Dean Thomas', 'Ginny Weasley')",4
"('Dean Thomas', 'Graham Pritchard')",0
"('Dean Thomas', 'Gregory Goyle')",0
"('Dean Thomas', 'Hannah Abbott')",1
"('Dean Thomas', 'Harry James Potter')",6
"('Dean Thomas', 'Hermione Granger')",6
"('Dean Thomas', 'Jimmy Peakes')",0
"('Dean Thomas', 'Justin Finch-Fletchley')",1
"('Dean Thomas', 'Katie Bell')",1
"('Dean Thomas', 'Kevin Whitby')",0
"('Dean Thomas', 'Lavender Brown')",2
"('Dean Thomas', 'Leanne')",0
"('Dean Thomas', 'Lee Jordan')",2
"('Dean Thomas', 'Lucian Bole')",0
"('Dean Thomas', 'Luna Lovegood')",4
"('Dean Thomas', 'Malcolm Baddock')",0
"('Dean Thomas', 'Mandy Brocklehurst')",0
"('Dean Thomas', 'Marcus Belby')",0
"('Dean Thomas', 'Marcus Flint')",0
"('Dean Thomas', 'Michael Corner')",0
"('Dean Thomas', 'Miles Bletchley')",0
"('Dean Thomas', 'Millicent Bulstrode')",0
"('Dean Thomas', 'Natalie McDonald')",0
"('Dean Thomas', 'Neville Longbottom')",6
"('Dean Thomas', 'Oliver Wood')",2
"('Dean Thomas', 'Orla Quirke')",0
"('Dean Thomas', 'Owen Cauldwell')",0
"('Dean Thomas', 'Padma Patil')",1
"('Dean Thomas', 'Pansy Parkinson')",0
"('Dean Thomas', 'Parvati Patil')",5
"('Dean Thomas', 'Penelope Clearwater')",0
"('Dean Thomas', 'Percy Weasley')",2
"('Dean Thomas', 'Peregrine Derrick')",0
"('Dean Thomas', 'Roger Davies')",0
"('Dean Thomas', 'Romilda Vane')",0
"('Dean Thomas', 'Ronald Weasley')",7
"('Dean Thomas', 'Rose Zeller')",0
"('Dean Thomas', 'Seamus Finnigan')",8
"('Dean Thomas', 'Stewart Ackerley')",0
"('Dean Thomas', 'Susan Bones')",1
"('Dean Thomas', 'Terry Boot')",2
"('Dean Thomas', 'Theodore Nott')",0
"('Dean Thomas', 'Vincent Crabbe')",0
"('Dean Thomas', 'Zacharias Smith')",0
"('Demelza Robins', 'Dennis Creevey')",0
"('Demelza Robins', 'Draco Malfoy')",0
"('Demelza Robins', 'Eddie Carmichael')",0
"('Demelza Robins', 'Eleanor Branstone')",0
"('Demelza Robins', 'Ernie Macmillan')",0
"('Demelza Robins', 'Euan Abercrombie')",0
"('Demelza Robins', 'Fred Weasley')",0
"('Demelza Robins', 'George Weasley')",0
"('Demelza Robins', 'Ginny Weasley')",1
"('Demelza Robins', 'Graham Pritchard')",0
"('Demelza Robins', 'Gregory Goyle')",0
"('Demelza Robins', 'Hannah Abbott')",0
"('Demelza Robins', 'Harry James Potter')",1
"('Demelza Robins', 'Hermione Granger')",0
"('Demelza Robins', 'Jimmy Peakes')",1
"('Demelza Robins', 'Justin Finch-Fletchley')",0
"('Demelza Robins', 'Katie Bell')",0
"('Demelza Robins', 'Kevin Whitby')",0
"('Demelza Robins', 'Lavender Brown')",0
"('Demelza Robins', 'Leanne')",0
"('Demelza Robins', 'Lee Jordan')",0
"('Demelza Robins', 'Lucian Bole')",0
"('Demelza Robins', 'Luna Lovegood')",0
"('Demelza Robins', 'Malcolm Baddock')",0
"('Demelza Robins', 'Mandy Brocklehurst')",0
"('Demelza Robins', 'Marcus Belby')",0
"('Demelza Robins', 'Marcus Flint')",0
"('Demelza Robins', 'Michael Corner')",0
"('Demelza Robins', 'Miles Bletchley')",0
"('Demelza Robins', 'Millicent Bulstrode')",0
"('Demelza Robins', 'Natalie McDonald')",0
"('Demelza Robins', 'Neville Longbottom')",0
"('Demelza Robins', 'Oliver Wood')",0
"('Demelza Robins', 'Orla Quirke')",0
"('Demelza Robins', 'Owen Cauldwell')",0
"('Demelza Robins', 'Padma Patil')",0
"('Demelza Robins', 'Pansy Parkinson')",0
"('Demelza Robins', 'Parvati Patil')",0
"('Demelza Robins', 'Penelope Clearwater')",0
"('Demelza Robins', 'Percy Weasley')",0
"('Demelza Robins', 'Peregrine Derrick')",0
"('Demelza Robins', 'Roger Davies')",0
"('Demelza Robins', 'Romilda Vane')",0
"('Demelza Robins', 'Ronald Weasley')",0
"('Demelza Robins', 'Rose Zeller')",0
"('Demelza Robins', 'Seamus Finnigan')",0
"('Demelza Robins', 'Stewart Ackerley')",0
"('Demelza Robins', 'Susan Bones')",0
"('Demelza Robins', 'Terry Boot')",0
"('Demelza Robins', 'Theodore Nott')",0
"('Demelza Robins', 'Vincent Crabbe')",0
"('Demelza Robins', 'Zacharias Smith')",0
"('Dennis Creevey', 'Draco Malfoy')",0
"('Dennis Creevey', 'Eddie Carmichael')",0
"('Dennis Creevey', 'Eleanor Branstone')",0
"('Dennis Creevey', 'Ernie Macmillan')",1
"('Dennis Creevey', 'Euan Abercrombie')",0
"('Dennis Creevey', 'Fred Weasley')",1
"('Dennis Creevey', 'George Weasley')",1
"('Dennis Creevey', 'Ginny Weasley')",1
"('Dennis Creevey', 'Graham Pritchard')",0
"('Dennis Creevey', 'Gregory Goyle')",0
"('Dennis Creevey', 'Hannah Abbott')",1
"('Dennis Creevey', 'Harry James Potter')",1
"('Dennis Creevey', 'Hermione Granger')",1
"('Dennis Creevey', 'Jimmy Peakes')",0
"('Dennis Creevey', 'Justin Finch-Fletchley')",1
"('Dennis Creevey', 'Katie Bell')",1
"('Dennis Creevey', 'Kevin Whitby')",0
"('Dennis Creevey', 'Lavender Brown')",0
"('Dennis Creevey', 'Leanne')",0
"('Dennis Creevey', 'Lee Jordan')",1
"('Dennis Creevey', 'Lucian Bole')",0
"('Dennis Creevey', 'Luna Lovegood')",1
"('Dennis Creevey', 'Malcolm Baddock')",0
"('Dennis Creevey', 'Mandy Brocklehurst')",0
"('Dennis Creevey', 'Marcus Belby')",0
"('Dennis Creevey', 'Marcus Flint')",0
"('Dennis Creevey', 'Michael Corner')",0
"('Dennis Creevey', 'Miles Bletchley')",0
"('Dennis Creevey', 'Millicent Bulstrode')",0
"('Dennis Creevey', 'Natalie McDonald')",0
"('Dennis Creevey', 'Neville Longbottom')",1
"('Dennis Creevey', 'Oliver Wood')",1
"('Dennis Creevey', 'Orla Quirke')",0
"('Dennis Creevey', 'Owen Cauldwell')",0
"('Dennis Creevey', 'Padma Patil')",1
"('Dennis Creevey', 'Pansy Parkinson')",0
"('Dennis Creevey', 'Parvati Patil')",0
"('Dennis Creevey', 'Penelope Clearwater')",0
"('Dennis Creevey', 'Percy Weasley')",1
"('Dennis Creevey', 'Peregrine Derrick')",0
"('Dennis Creevey', 'Roger Davies')",0
"('Dennis Creevey', 'Romilda Vane')",0
"('Dennis Creevey', 'Ronald Weasley')",1
"('Dennis Creevey', 'Rose Zeller')",0
"('Dennis Creevey', 'Seamus Finnigan')",1
"('Dennis Creevey', 'Stewart Ackerley')",0
"('Dennis Creevey', 'Susan Bones')",1
"('Dennis Creevey', 'Terry Boot')",1
"('Dennis Creevey', 'Theodore Nott')",0
"('Dennis Creevey', 'Vincent Crabbe')",0
"('Dennis Creevey', 'Zacharias Smith')",0
"('Draco Malfoy', 'Eddie Carmichael')",0
"('Draco Malfoy', 'Eleanor Branstone')",0
"('Draco Malfoy', 'Ernie Macmillan')",0
"('Draco Malfoy', 'Euan Abercrombie')",0
"('Draco Malfoy', 'Fred Weasley')",0
"('Draco Malfoy', 'George Weasley')",0
"('Draco Malfoy', 'Ginny Weasley')",0
"('Draco Malfoy', 'Graham Pritchard')",0
"('Draco Malfoy', 'Gregory Goyle')",2
"('Draco Malfoy', 'Hannah Abbott')",0
"('Draco Malfoy', 'Harry James Potter')",0
"('Draco Malfoy', 'Hermione Granger')",0
"('Draco Malfoy', 'Jimmy Peakes')",0
"('Draco Malfoy', 'Justin Finch-Fletchley')",0
"('Draco Malfoy', 'Katie Bell')",0
"('Draco Malfoy', 'Kevin Whitby')",0
"('Draco Malfoy', 'Lavender Brown')",0
"('Draco Malfoy', 'Leanne')",0
"('Draco Malfoy', 'Lee Jordan')",0
"('Draco Malfoy', 'Lucian Bole')",0
"('Draco Malfoy', 'Luna Lovegood')",0
"('Draco Malfoy', 'Malcolm Baddock')",0
"('Draco Malfoy', 'Mandy Brocklehurst')",0
"('Draco Malfoy', 'Marcus Belby')",0
"('Draco Malfoy', 'Marcus Flint')",2
"('Draco Malfoy', 'Michael Corner')",0
"('Draco Malfoy', 'Miles Bletchley')",0
"('Draco Malfoy', 'Millicent Bulstrode')",0
"('Draco Malfoy', 'Natalie McDonald')",0
"('Draco Malfoy', 'Neville Longbottom')",0
"('Draco Malfoy', 'Oliver Wood')",0
"('Draco Malfoy', 'Orla Quirke')",0
"('Draco Malfoy', 'Owen Cauldwell')",0
"('Draco Malfoy', 'Padma Patil')",0
"('Draco Malfoy', 'Pansy Parkinson')",2
"('Draco Malfoy', 'Parvati Patil')",0
"('Draco Malfoy', 'Penelope Clearwater')",0
"('Draco Malfoy', 'Percy Weasley')",0
"('Draco Malfoy', 'Peregrine Derrick')",0
"('Draco Malfoy', 'Roger Davies')",0
"('Draco Malfoy', 'Romilda Vane')",0
"('Draco Malfoy', 'Ronald Weasley')",0
"('Draco Malfoy', 'Rose Zeller')",0
"('Draco Malfoy', 'Seamus Finnigan')",0
"('Draco Malfoy', 'Stewart Ackerley')",0
"('Draco Malfoy', 'Susan Bones')",0
"('Draco Malfoy', 'Terry Boot')",0
"('Draco Malfoy', 'Theodore Nott')",0
"('Draco Malfoy', 'Vincent Crabbe')",2
"('Draco Malfoy', 'Zacharias Smith')",0
"('Eddie Carmichael', 'Eleanor Branstone')",0
"('Eddie Carmichael', 'Ernie Macmillan')",0
"('Eddie Carmichael', 'Euan Abercrombie')",0
"('Eddie Carmichael', 'Fred Weasley')",0
"('Eddie Carmichael', 'George Weasley')",0
"('Eddie Carmichael', 'Ginny Weasley')",0
"('Eddie Carmichael', 'Graham Pritchard')",0
"('Eddie Carmichael', 'Gregory Goyle')",0
"('Eddie Carmichael', 'Hannah Abbott')",0
"('Eddie Carmichael', 'Harry James Potter')",0
"('Eddie Carmichael', 'Hermione Granger')",0
"('Eddie Carmichael', 'Jimmy Peakes')",0
"('Eddie Carmichael', 'Justin Finch-Fletchley')",0
"('Eddie Carmichael', 'Katie Bell')",0
"('Eddie Carmichael', 'Kevin Whitby')",0
"('Eddie Carmichael', 'Lavender Brown')",0
"('Eddie Carmichael', 'Leanne')",0
"('Eddie Carmichael', 'Lee Jordan')",0
"('Eddie Carmichael', 'Lucian Bole')",0
"('Eddie Carmichael', 'Luna Lovegood')",0
"('Eddie Carmichael', 'Malcolm Baddock')",0
"('Eddie Carmichael', 'Mandy Brocklehurst')",0
"('Eddie Carmichael', 'Marcus Belby')",0
"('Eddie Carmichael', 'Marcus Flint')",0
"('Eddie Carmichael', 'Michael Corner')",0
"('Eddie Carmichael', 'Miles Bletchley')",0
"('Eddie Carmichael', 'Millicent Bulstrode')",0
"('Eddie Carmichael', 'Natalie McDonald')",0
"('Eddie Carmichael', 'Neville Longbottom')",0
"('Eddie Carmichael', 'Oliver Wood')",0
"('Eddie Carmichael', 'Orla Quirke')",0
"('Eddie Carmichael', 'Owen Cauldwell')",0
"('Eddie Carmichael', 'Padma Patil')",0
"('Eddie Carmichael', 'Pansy Parkinson')",0
"('Eddie Carmichael', 'Parvati Patil')",0
"('Eddie Carmichael', 'Penelope Clearwater')",0
"('Eddie Carmichael', 'Percy Weasley')",0
"('Eddie Carmichael', 'Peregrine Derrick')",0
"('Eddie Carmichael', 'Roger Davies')",0
"('Eddie Carmichael', 'Romilda Vane')",0
"('Eddie Carmichael', 'Ronald Weasley')",0
"('Eddie Carmichael', 'Rose Zeller')",0
"('Eddie Carmichael', 'Seamus Finnigan')",0
"('Eddie Carmichael', 'Stewart Ackerley')",0
"('Eddie Carmichael', 'Susan Bones')",0
"('Eddie Carmichael', 'Terry Boot')",0
"('Eddie Carmichael', 'Theodore Nott')",0
"('Eddie Carmichael', 'Vincent Crabbe')",0
"('Eddie Carmichael', 'Zacharias Smith')",0
"('Eleanor Branstone', 'Ernie Macmillan')",0
"('Eleanor Branstone', 'Euan Abercrombie')",0
"('Eleanor Branstone', 'Fred Weasley')",0
"('Eleanor Branstone', 'George Weasley')",0
"('Eleanor Branstone', 'Ginny Weasley')",0
"('Eleanor Branstone', 'Graham Pritchard')",0
"('Eleanor Branstone', 'Gregory Goyle')",0
"('Eleanor Branstone', 'Hannah Abbott')",0
"('Eleanor Branstone', 'Harry James Potter')",0
"('Eleanor Branstone', 'Hermione Granger')",0
"('Eleanor Branstone', 'Jimmy Peakes')",0
"('Eleanor Branstone', 'Justin Finch-Fletchley')",0
"('Eleanor Branstone', 'Katie Bell')",0
"('Eleanor Branstone', 'Kevin Whitby')",0
"('Eleanor Branstone', 'Lavender Brown')",0
"('Eleanor Branstone', 'Leanne')",0
"('Eleanor Branstone', 'Lee Jordan')",0
"('Eleanor Branstone', 'Lucian Bole')",0
"('Eleanor Branstone', 'Luna Lovegood')",0
"('Eleanor Branstone', 'Malcolm Baddock')",0
"('Eleanor Branstone', 'Mandy Brocklehurst')",0
"('Eleanor Branstone', 'Marcus Belby')",0
"('Eleanor Branstone', 'Marcus Flint')",0
"('Eleanor Branstone', 'Michael Corner')",0
"('Eleanor Branstone', 'Miles Bletchley')",0
"('Eleanor Branstone', 'Millicent Bulstrode')",0
"('Eleanor Branstone', 'Natalie McDonald')",0
"('Eleanor Branstone', 'Neville Longbottom')",0
"('Eleanor Branstone', 'Oliver Wood')",0
"('Eleanor Branstone', 'Orla Quirke')",0
"('Eleanor Branstone', 'Owen Cauldwell')",0
"('Eleanor Branstone', 'Padma Patil')",0
"('Eleanor Branstone', 'Pansy Parkinson')",0
"('Eleanor Branstone', 'Parvati Patil')",0
"('Eleanor Branstone', 'Penelope Clearwater')",0
"('Eleanor Branstone', 'Percy Weasley')",0
"('Eleanor Branstone', 'Peregrine Derrick')",0
"('Eleanor Branstone', 'Roger Davies')",0
"('Eleanor Branstone', 'Romilda Vane')",0
"('Eleanor Branstone', 'Ronald Weasley')",0
"('Eleanor Branstone', 'Rose Zeller')",0
"('Eleanor Branstone', 'Seamus Finnigan')",0
"('Eleanor Branstone', 'Stewart Ackerley')",0
"('Eleanor Branstone', 'Susan Bones')",0
"('Eleanor Branstone', 'Terry Boot')",0
"('Eleanor Branstone', 'Theodore Nott')",0
"('Eleanor Branstone', 'Vincent Crabbe')",0
"('Eleanor Branstone', 'Zacharias Smith')",0
"('Ernie Macmillan', 'Euan Abercrombie')",0
"('Ernie Macmillan', 'Fred Weasley')",1
"('Ernie Macmillan', 'George Weasley')",1
"('Ernie Macmillan', 'Ginny Weasley')",1
"('Ernie Macmillan', 'Graham Pritchard')",0
"('Ernie Macmillan', 'Gregory Goyle')",0
"('Ernie Macmillan', 'Hannah Abbott')",7
"('Ernie Macmillan', 'Harry James Potter')",3
"('Ernie Macmillan', 'Hermione Granger')",1
"('Ernie Macmillan', 'Jimmy Peakes')",0
"('Ernie Macmillan', 'Justin Finch-Fletchley')",7
"('Ernie Macmillan', 'Katie Bell')",1
"('Ernie Macmillan', 'Kevin Whitby')",0
"('Ernie Macmillan', 'Lavender Brown')",0
"('Ernie Macmillan', 'Leanne')",0
"('Ernie Macmillan', 'Lee Jordan')",1
"('Ernie Macmillan', 'Lucian Bole')",0
"('Ernie Macmillan', 'Luna Lovegood')",1
"('Ernie Macmillan', 'Malcolm Baddock')",0
"('Ernie Macmillan', 'Mandy Brocklehurst')",0
"('Ernie Macmillan', 'Marcus Belby')",0
"('Ernie Macmillan', 'Marcus Flint')",0
"('Ernie Macmillan', 'Michael Corner')",0
"('Ernie Macmillan', 'Miles Bletchley')",0
"('Ernie Macmillan', 'Millicent Bulstrode')",0
"('Ernie Macmillan', 'Natalie McDonald')",0
"('Ernie Macmillan', 'Neville Longbottom')",1
"('Ernie Macmillan', 'Oliver Wood')",1
"('Ernie Macmillan', 'Orla Quirke')",0
"('Ernie Macmillan', 'Owen Cauldwell')",0
"('Ernie Macmillan', 'Padma Patil')",1
"('Ernie Macmillan', 'Pansy Parkinson')",0
"('Ernie Macmillan', 'Parvati Patil')",0
"('Ernie Macmillan', 'Penelope Clearwater')",0
"('Ernie Macmillan', 'Percy Weasley')",1
"('Ernie Macmillan', 'Peregrine Derrick')",0
"('Ernie Macmillan', 'Roger Davies')",0
"('Ernie Macmillan', 'Romilda Vane')",0
"('Ernie Macmillan', 'Ronald Weasley')",1
"('Ernie Macmillan', 'Rose Zeller')",0
"('Ernie Macmillan', 'Seamus Finnigan')",1
"('Ernie Macmillan', 'Stewart Ackerley')",0
"('Ernie Macmillan', 'Susan Bones')",7
"('Ernie Macmillan', 'Terry Boot')",7
"('Ernie Macmillan', 'Theodore Nott')",0
"('Ernie Macmillan', 'Vincent Crabbe')",0
"('Ernie Macmillan', 'Zacharias Smith')",0
"('Euan Abercrombie', 'Fred Weasley')",0
"('Euan Abercrombie', 'George Weasley')",0
"('Euan Abercrombie', 'Ginny Weasley')",0
"('Euan Abercrombie', 'Graham Pritchard')",0
"('Euan Abercrombie', 'Gregory Goyle')",0
"('Euan Abercrombie', 'Hannah Abbott')",0
"('Euan Abercrombie', 'Harry James Potter')",0
"('Euan Abercrombie', 'Hermione Granger')",0
"('Euan Abercrombie', 'Jimmy Peakes')",0
"('Euan Abercrombie', 'Justin Finch-Fletchley')",0
"('Euan Abercrombie', 'Katie Bell')",0
"('Euan Abercrombie', 'Kevin Whitby')",0
"('Euan Abercrombie', 'Lavender Brown')",0
"('Euan Abercrombie', 'Leanne')",0
"('Euan Abercrombie', 'Lee Jordan')",0
"('Euan Abercrombie', 'Lucian Bole')",0
"('Euan Abercrombie', 'Luna Lovegood')",0
"('Euan Abercrombie', 'Malcolm Baddock')",0
"('Euan Abercrombie', 'Mandy Brocklehurst')",0
"('Euan Abercrombie', 'Marcus Belby')",0
"('Euan Abercrombie', 'Marcus Flint')",0
"('Euan Abercrombie', 'Michael Corner')",0
"('Euan Abercrombie', 'Miles Bletchley')",0
"('Euan Abercrombie', 'Millicent Bulstrode')",0
"('Euan Abercrombie', 'Natalie McDonald')",0
"('Euan Abercrombie', 'Neville Longbottom')",0
"('Euan Abercrombie', 'Oliver Wood')",0
"('Euan Abercrombie', 'Orla Quirke')",0
"('Euan Abercrombie', 'Owen Cauldwell')",0
"('Euan Abercrombie', 'Padma Patil')",0
"('Euan Abercrombie', 'Pansy Parkinson')",0
"('Euan Abercrombie', 'Parvati Patil')",0
"('Euan Abercrombie', 'Penelope Clearwater')",0
"('Euan Abercrombie', 'Percy Weasley')",0
"('Euan Abercrombie', 'Peregrine Derrick')",0
"('Euan Abercrombie', 'Roger Davies')",0
"('Euan Abercrombie', 'Romilda Vane')",0
"('Euan Abercrombie', 'Ronald Weasley')",0
"('Euan Abercrombie', 'Rose Zeller')",0
"('Euan Abercrombie', 'Seamus Finnigan')",0
"('Euan Abercrombie', 'Stewart Ackerley')",0
"('Euan Abercrombie', 'Susan Bones')",0
"('Euan Abercrombie', 'Terry Boot')",0
"('Euan Abercrombie', 'Theodore Nott')",0
"('Euan Abercrombie', 'Vincent Crabbe')",0
"('Euan Abercrombie', 'Zacharias Smith')",0
"('Fred Weasley', 'George Weasley')",11
"('Fred Weasley', 'Ginny Weasley')",6
"('Fred Weasley', 'Graham Pritchard')",0
"('Fred Weasley', 'Gregory Goyle')",0
"('Fred Weasley', 'Hannah Abbott')",1
"('Fred Weasley', 'Harry James Potter')",10
"('Fred Weasley', 'Hermione Granger')",10
"('Fred Weasley', 'Jimmy Peakes')",0
"('Fred Weasley', 'Justin Finch-Fletchley')",1
"('Fred Weasley', 'Katie Bell')",7
"('Fred Weasley', 'Kevin Whitby')",0
"('Fred Weasley', 'Lavender Brown')",1
"('Fred Weasley', 'Leanne')",1
"('Fred Weasley', 'Lee Jordan')",5
"('Fred Weasley', 'Lucian Bole')",0
"('Fred Weasley', 'Luna Lovegood')",4
"('Fred Weasley', 'Malcolm Baddock')",0
"('Fred Weasley', 'Mandy Brocklehurst')",0
"('Fred Weasley', 'Marcus Belby')",0
"('Fred Weasley', 'Marcus Flint')",0
"('Fred Weasley', 'Michael Corner')",0
"('Fred Weasley', 'Miles Bletchley')",0
"('Fred Weasley', 'Millicent Bulstrode')",0
"('Fred Weasley', 'Natalie McDonald')",0
"('Fred Weasley', 'Neville Longbottom')",4
"('Fred Weasley', 'Oliver Wood')",8
"('Fred Weasley', 'Orla Quirke')",0
"('Fred Weasley', 'Owen Cauldwell')",0
"('Fred Weasley', 'Padma Patil')",1
"('Fred Weasley', 'Pansy Parkinson')",0
"('Fred Weasley', 'Parvati Patil')",0
"('Fred Weasley', 'Penelope Clearwater')",0
"('Fred Weasley', 'Percy Weasley')",3
"('Fred Weasley', 'Peregrine Derrick')",0
"('Fred Weasley', 'Roger Davies')",0
"('Fred Weasley', 'Romilda Vane')",0
"('Fred Weasley', 'Ronald Weasley')",9
"('Fred Weasley', 'Rose Zeller')",0
"('Fred Weasley', 'Seamus Finnigan')",3
"('Fred Weasley', 'Stewart Ackerley')",0
"('Fred Weasley', 'Susan Bones')",1
"('Fred Weasley', 'Terry Boot')",2
"('Fred Weasley', 'Theodore Nott')",0
"('Fred Weasley', 'Vincent Crabbe')",0
"('Fred Weasley', 'Zacharias Smith')",0
"('George Weasley', 'Ginny Weasley')",6
"('George Weasley', 'Graham Pritchard')",0
"('George Weasley', 'Gregory Goyle')",0
"('George Weasley', 'Hannah Abbott')",1
"('George Weasley', 'Harry James Potter')",10
"('George Weasley', 'Hermione Granger')",10
"('George Weasley', 'Jimmy Peakes')",0
"('George Weasley', 'Justin Finch-Fletchley')",1
"('George Weasley', 'Katie Bell')",7
"('George Weasley', 'Kevin Whitby')",0
"('George Weasley', 'Lavender Brown')",1
"('George Weasley', 'Leanne')",1
"('George Weasley', 'Lee Jordan')",5
"('George Weasley', 'Lucian Bole')",0
"('George Weasley', 'Luna Lovegood')",4
"('George Weasley', 'Malcolm Baddock')",0
"('George Weasley', 'Mandy Brocklehurst')",0
"('George Weasley', 'Marcus Belby')",0
"('George Weasley', 'Marcus Flint')",0
"('George Weasley', 'Michael Corner')",0
"('George Weasley', 'Miles Bletchley')",0
"('George Weasley', 'Millicent Bulstrode')",0
"('George Weasley', 'Natalie McDonald')",0
"('George Weasley', 'Neville Longbottom')",4
"('George Weasley', 'Oliver Wood')",8
"('George Weasley', 'Orla Quirke')",0
"('George Weasley', 'Owen Cauldwell')",0
"('George Weasley', 'Padma Patil')",1
"('George Weasley', 'Pansy Parkinson')",0
"('George Weasley', 'Parvati Patil')",0
"('George Weasley', 'Penelope Clearwater')",0
"('George Weasley', 'Percy Weasley')",3
"('George Weasley', 'Peregrine Derrick')",0
"('George Weasley', 'Roger Davies')",0
"('George Weasley', 'Romilda Vane')",0
"('George Weasley', 'Ronald Weasley')",9
"('George Weasley', 'Rose Zeller')",0
"('George Weasley', 'Seamus Finnigan')",3
"('George Weasley', 'Stewart Ackerley')",0
"('George Weasley', 'Susan Bones')",1
"('George Weasley', 'Terry Boot')",2
"('George Weasley', 'Theodore Nott')",0
"('George Weasley', 'Vincent Crabbe')",0
"('George Weasley', 'Zacharias Smith')",0
"('Ginny Weasley', 'Graham Pritchard')",0
"('Ginny Weasley', 'Gregory Goyle')",0
"('Ginny Weasley', 'Hannah Abbott')",1
"('Ginny Weasley', 'Harry James Potter')",9
"('Ginny Weasley', 'Hermione Granger')",8
"('Ginny Weasley', 'Jimmy Peakes')",1
"('Ginny Weasley', 'Justin Finch-Fletchley')",1
"('Ginny Weasley', 'Katie Bell')",3
"('Ginny Weasley', 'Kevin Whitby')",0
"('Ginny Weasley', 'Lavender Brown')",1
"('Ginny Weasley', 'Leanne')",0
"('Ginny Weasley', 'Lee Jordan')",4
"('Ginny Weasley', 'Lucian Bole')",0
"('Ginny Weasley', 'Luna Lovegood')",6
"('Ginny Weasley', 'Malcolm Baddock')",0
"('Ginny Weasley', 'Mandy Brocklehurst')",0
"('Ginny Weasley', 'Marcus Belby')",0
"('Ginny Weasley', 'Marcus Flint')",0
"('Ginny Weasley', 'Michael Corner')",0
"('Ginny Weasley', 'Miles Bletchley')",0
"('Ginny Weasley', 'Millicent Bulstrode')",0
"('Ginny Weasley', 'Natalie McDonald')",0
"('Ginny Weasley', 'Neville Longbottom')",6
"('Ginny Weasley', 'Oliver Wood')",4
"('Ginny Weasley', 'Orla Quirke')",0
"('Ginny Weasley', 'Owen Cauldwell')",0
"('Ginny Weasley', 'Padma Patil')",1
"('Ginny Weasley', 'Pansy Parkinson')",0
"('Ginny Weasley', 'Parvati Patil')",1
"('Ginny Weasley', 'Penelope Clearwater')",0
"('Ginny Weasley', 'Percy Weasley')",3
"('Ginny Weasley', 'Peregrine Derrick')",0
"('Ginny Weasley', 'Roger Davies')",0
"('Ginny Weasley', 'Romilda Vane')",0
"('Ginny Weasley', 'Ronald Weasley')",8
"('Ginny Weasley', 'Rose Zeller')",0
"('Ginny Weasley', 'Seamus Finnigan')",4
"('Ginny Weasley', 'Stewart Ackerley')",0
"('Ginny Weasley', 'Susan Bones')",1
"('Ginny Weasley', 'Terry Boot')",2
"('Ginny Weasley', 'Theodore Nott')",0
"('Ginny Weasley', 'Vincent Crabbe')",0
"('Ginny Weasley', 'Zacharias Smith')",0
"('Graham Pritchard', 'Gregory Goyle')",0
"('Graham Pritchard', 'Hannah Abbott')",0
"('Graham Pritchard', 'Harry James Potter')",0
"('Graham Pritchard', 'Hermione Granger')",0
"('Graham Pritchard', 'Jimmy Peakes')",0
"('Graham Pritchard', 'Justin Finch-Fletchley')",0
"('Graham Pritchard', 'Katie Bell')",0
"('Graham Pritchard', 'Kevin Whitby')",0
"('Graham Pritchard', 'Lavender Brown')",0
"('Graham Pritchard', 'Leanne')",0
"('Graham Pritchard', 'Lee Jordan')",0
"('Graham Pritchard', 'Lucian Bole')",0
"('Graham Pritchard', 'Luna Lovegood')",0
"('Graham Pritchard', 'Malcolm Baddock')",0
"('Graham Pritchard', 'Mandy Brocklehurst')",0
"('Graham Pritchard', 'Marcus Belby')",0
"('Graham Pritchard', 'Marcus Flint')",0
"('Graham Pritchard', 'Michael Corner')",0
"('Graham Pritchard', 'Miles Bletchley')",0
"('Graham Pritchard', 'Millicent Bulstrode')",0
"('Graham Pritchard', 'Natalie McDonald')",0
"('Graham Pritchard', 'Neville Longbottom')",0
"('Graham Pritchard', 'Oliver Wood')",0
"('Graham Pritchard', 'Orla Quirke')",0
"('Graham Pritchard', 'Owen Cauldwell')",0
"('Graham Pritchard', 'Padma Patil')",0
"('Graham Pritchard', 'Pansy Parkinson')",0
"('Graham Pritchard', 'Parvati Patil')",0
"('Graham Pritchard', 'Penelope Clearwater')",0
"('Graham Pritchard', 'Percy Weasley')",0
"('Graham Pritchard', 'Peregrine Derrick')",0
"('Graham Pritchard', 'Roger Davies')",0
"('Graham Pritchard', 'Romilda Vane')",0
"('Graham Pritchard', 'Ronald Weasley')",0
"('Graham Pritchard', 'Rose Zeller')",0
"('Graham Pritchard', 'Seamus Finnigan')",0
"('Graham Pritchard', 'Stewart Ackerley')",0
"('Graham Pritchard', 'Susan Bones')",0
"('Graham Pritchard', 'Terry Boot')",0
"('Graham Pritchard', 'Theodore Nott')",0
"('Graham Pritchard', 'Vincent Crabbe')",0
"('Graham Pritchard', 'Zacharias Smith')",0
"('Gregory Goyle', 'Hannah Abbott')",0
"('Gregory Goyle', 'Harry James Potter')",0
"('Gregory Goyle', 'Hermione Granger')",0
"('Gregory Goyle', 'Jimmy Peakes')",0
"('Gregory Goyle', 'Justin Finch-Fletchley')",0
"('Gregory Goyle', 'Katie Bell')",0
"('Gregory Goyle', 'Kevin Whitby')",0
"('Gregory Goyle', 'Lavender Brown')",0
"('Gregory Goyle', 'Leanne')",0
"('Gregory Goyle', 'Lee Jordan')",0
"('Gregory Goyle', 'Lucian Bole')",0
"('Gregory Goyle', 'Luna Lovegood')",0
"('Gregory Goyle', 'Malcolm Baddock')",0
"('Gregory Goyle', 'Mandy Brocklehurst')",0
"('Gregory Goyle', 'Marcus Belby')",0
"('Gregory Goyle', 'Marcus Flint')",1
"('Gregory Goyle', 'Michael Corner')",0
"('Gregory Goyle', 'Miles Bletchley')",0
"('Gregory Goyle', 'Millicent Bulstrode')",0
"('Gregory Goyle', 'Natalie McDonald')",0
"('Gregory Goyle', 'Neville Longbottom')",0
"('Gregory Goyle', 'Oliver Wood')",0
"('Gregory Goyle', 'Orla Quirke')",0
"('Gregory Goyle', 'Owen Cauldwell')",0
"('Gregory Goyle', 'Padma Patil')",0
"('Gregory Goyle', 'Pansy Parkinson')",4
"('Gregory Goyle', 'Parvati Patil')",0
"('Gregory Goyle', 'Penelope Clearwater')",0
"('Gregory Goyle', 'Percy Weasley')",0
"('Gregory Goyle', 'Peregrine Derrick')",0
"('Gregory Goyle', 'Roger Davies')",0
"('Gregory Goyle', 'Romilda Vane')",0
"('Gregory Goyle', 'Ronald Weasley')",0
"('Gregory Goyle', 'Rose Zeller')",0
"('Gregory Goyle', 'Seamus Finnigan')",0
"('Gregory Goyle', 'Stewart Ackerley')",0
"('Gregory Goyle', 'Susan Bones')",0
"('Gregory Goyle', 'Terry Boot')",0
"('Gregory Goyle', 'Theodore Nott')",0
"('Gregory Goyle', 'Vincent Crabbe')",4
"('Gregory Goyle', 'Zacharias Smith')",0
"('Hannah Abbott', 'Harry James Potter')",3
"('Hannah Abbott', 'Hermione Granger')",1
"('Hannah Abbott', 'Jimmy Peakes')",0
"('Hannah Abbott', 'Justin Finch-Fletchley')",7
"('Hannah Abbott', 'Katie Bell')",1
"('Hannah Abbott', 'Kevin Whitby')",0
"('Hannah Abbott', 'Lavender Brown')",0
"('Hannah Abbott', 'Leanne')",0
"('Hannah Abbott', 'Lee Jordan')",1
"('Hannah Abbott', 'Lucian Bole')",0
"('Hannah Abbott', 'Luna Lovegood')",1
"('Hannah Abbott', 'Malcolm Baddock')",0
"('Hannah Abbott', 'Mandy Brocklehurst')",0
"('Hannah Abbott', 'Marcus Belby')",0
"('Hannah Abbott', 'Marcus Flint')",0
"('Hannah Abbott', 'Michael Corner')",0
"('Hannah Abbott', 'Miles Bletchley')",0
"('Hannah Abbott', 'Millicent Bulstrode')",0
"('Hannah Abbott', 'Natalie McDonald')",0
"('Hannah Abbott', 'Neville Longbottom')",1
"('Hannah Abbott', 'Oliver Wood')",1
"('Hannah Abbott', 'Orla Quirke')",0
"('Hannah Abbott', 'Owen Cauldwell')",0
"('Hannah Abbott', 'Padma Patil')",1
"('Hannah Abbott', 'Pansy Parkinson')",0
"('Hannah Abbott', 'Parvati Patil')",0
"('Hannah Abbott', 'Penelope Clearwater')",0
"('Hannah Abbott', 'Percy Weasley')",1
"('Hannah Abbott', 'Peregrine Derrick')",0
"('Hannah Abbott', 'Roger Davies')",0
"('Hannah Abbott', 'Romilda Vane')",0
"('Hannah Abbott', 'Ronald Weasley')",1
"('Hannah Abbott', 'Rose Zeller')",0
"('Hannah Abbott', 'Seamus Finnigan')",1
"('Hannah Abbott', 'Stewart Ackerley')",0
"('Hannah Abbott', 'Susan Bones')",7
"('Hannah Abbott', 'Terry Boot')",7
"('Hannah Abbott', 'Theodore Nott')",0
"('Hannah Abbott', 'Vincent Crabbe')",0
"('Hannah Abbott', 'Zacharias Smith')",0
"('Harry James Potter', 'Hermione Granger')",14
"('Harry James Potter', 'Jimmy Peakes')",1
"('Harry James Potter', 'Justin Finch-Fletchley')",3
"('Harry James Potter', 'Katie Bell')",6
"('Harry James Potter', 'Kevin Whitby')",0
"('Harry James Potter', 'Lavender Brown')",1
"('Harry James Potter', 'Leanne')",2
"('Harry James Potter', 'Lee Jordan')",5
"('Harry James Potter', 'Lucian Bole')",0
"('Harry James Potter', 'Luna Lovegood')",6
"('Harry James Potter', 'Malcolm Baddock')",0
"('Harry James Potter', 'Mandy Brocklehurst')",0
"('Harry James Potter', 'Marcus Belby')",0
"('Harry James Potter', 'Marcus Flint')",0
"('Harry James Potter', 'Michael Corner')",0
"('Harry James Potter', 'Miles Bletchley')",0
"('Harry James Potter', 'Millicent Bulstrode')",0
"('Harry James Potter', 'Natalie McDonald')",0
"('Harry James Potter', 'Neville Longbottom')",8
"('Harry James Potter', 'Oliver Wood')",7
"('Harry James Potter', 'Orla Quirke')",0
"('Harry James Potter', 'Owen Cauldwell')",0
"('Harry James Potter', 'Padma Patil')",1
"('Harry James Potter', 'Pansy Parkinson')",0
"('Harry James Potter', 'Parvati Patil')",3
"('Harry James Potter', 'Penelope Clearwater')",0
"('Harry James Potter', 'Percy Weasley')",3
"('Harry James Potter', 'Peregrine Derrick')",0
"('Harry James Potter', 'Roger Davies')",0
"('Harry James Potter', 'Romilda Vane')",0
"('Harry James Potter', 'Ronald Weasley')",14
"('Harry James Potter', 'Rose Zeller')",0
"('Harry James Potter', 'Seamus Finnigan')",6
"('Harry James Potter', 'Stewart Ackerley')",0
"('Harry James Potter', 'Susan Bones')",3
"('Harry James Potter', 'Terry Boot')",4
"('Harry James Potter', 'Theodore Nott')",0
"('Harry James Potter', 'Vincent Crabbe')",0
"('Harry James Potter', 'Zacharias Smith')",0
"('Hermione Granger', 'Jimmy Peakes')",0
"('Hermione Granger', 'Justin Finch-Fletchley')",1
"('Hermione Granger', 'Katie Bell')",7
"('Hermione Granger', 'Kevin Whitby')",0
"('Hermione Granger', 'Lavender Brown')",1
"('Hermione Granger', 'Leanne')",2
"('Hermione Granger', 'Lee Jordan')",4
"('Hermione Granger', 'Lucian Bole')",0
"('Hermione Granger', 'Luna Lovegood')",6
"('Hermione Granger', 'Malcolm Baddock')",0
"('Hermione Granger', 'Mandy Brocklehurst')",0
"('Hermione Granger', 'Marcus Belby')",0
"('Hermione Granger', 'Marcus Flint')",0
"('Hermione Granger', 'Michael Corner')",0
"('Hermione Granger', 'Miles Bletchley')",0
"('Hermione Granger', 'Millicent Bulstrode')",0
"('Hermione Granger', 'Natalie McDonald')",0
"('Hermione Granger', 'Neville Longbottom')",8
"('Hermione Granger', 'Oliver Wood')",8
"('Hermione Granger', 'Orla Quirke')",0
"('Hermione Granger', 'Owen Cauldwell')",0
"('Hermione Granger', 'Padma Patil')",1
"('Hermione Granger', 'Pansy Parkinson')",0
"('Hermione Granger', 'Parvati Patil')",3
"('Hermione Granger', 'Penelope Clearwater')",0
"('Hermione Granger', 'Percy Weasley')",3
"('Hermione Granger', 'Peregrine Derrick')",0
"('Hermione Granger', 'Roger Davies')",0
"('Hermione Granger', 'Romilda Vane')",0
"('Hermione Granger', 'Ronald Weasley')",14
"('Hermione Granger', 'Rose Zeller')",0
"('Hermione Granger', 'Seamus Finnigan')",6
"('Hermione Granger', 'Stewart Ackerley')",0
"('Hermione Granger', 'Susan Bones')",1
"('Hermione Granger', 'Terry Boot')",2
"('Hermione Granger', 'Theodore Nott')",0
"('Hermione Granger', 'Vincent Crabbe')",0
"('Hermione Granger', 'Zacharias Smith')",0
"('Jimmy Peakes', 'Justin Finch-Fletchley')",0
"('Jimmy Peakes', 'Katie Bell')",0
"('Jimmy Peakes', 'Kevin Whitby')",0
"('Jimmy Peakes', 'Lavender Brown')",0
"('Jimmy Peakes', 'Leanne')",0
"('Jimmy Peakes', 'Lee Jordan')",0
"('Jimmy Peakes', 'Lucian Bole')",0
"('Jimmy Peakes', 'Luna Lovegood')",0
"('Jimmy Peakes', 'Malcolm Baddock')",0
"('Jimmy Peakes', 'Mandy Brocklehurst')",0
"('Jimmy Peakes', 'Marcus Belby')",0
"('Jimmy Peakes', 'Marcus Flint')",0
"('Jimmy Peakes', 'Michael Corner')",0
"('Jimmy Peakes', 'Miles Bletchley')",0
"('Jimmy Peakes', 'Millicent Bulstrode')",0
"('Jimmy Peakes', 'Natalie McDonald')",0
"('Jimmy Peakes', 'Neville Longbottom')",0
"('Jimmy Peakes', 'Oliver Wood')",0
"('Jimmy Peakes', 'Orla Quirke')",0
"('Jimmy Peakes', 'Owen Cauldwell')",0
"('Jimmy Peakes', 'Padma Patil')",0
"('Jimmy Peakes', 'Pansy Parkinson')",0
"('Jimmy Peakes', 'Parvati Patil')",0
"('Jimmy Peakes', 'Penelope Clearwater')",0
"('Jimmy Peakes', 'Percy Weasley')",0
"('Jimmy Peakes', 'Peregrine Derrick')",0
"('Jimmy Peakes', 'Roger Davies')",0
"('Jimmy Peakes', 'Romilda Vane')",0
"('Jimmy Peakes', 'Ronald Weasley')",0
"('Jimmy Peakes', 'Rose Zeller')",0
"('Jimmy Peakes', 'Seamus Finnigan')",0
"('Jimmy Peakes', 'Stewart Ackerley')",0
"('Jimmy Peakes', 'Susan Bones')",0
"('Jimmy Peakes', 'Terry Boot')",0
"('Jimmy Peakes', 'Theodore Nott')",0
"('Jimmy Peakes', 'Vincent Crabbe')",0
"('Jimmy Peakes', 'Zacharias Smith')",0
"('Justin Finch-Fletchley', 'Katie Bell')",1
"('Justin Finch-Fletchley', 'Kevin Whitby')",0
"('Justin Finch-Fletchley', 'Lavender Brown')",0
"('Justin Finch-Fletchley', 'Leanne')",0
"('Justin Finch-Fletchley', 'Lee Jordan')",1
"('Justin Finch-Fletchley', 'Lucian Bole')",0
"('Justin Finch-Fletchley', 'Luna Lovegood')",1
"('Justin Finch-Fletchley', 'Malcolm Baddock')",0
"('Justin Finch-Fletchley', 'Mandy Brocklehurst')",0
"('Justin Finch-Fletchley', 'Marcus Belby')",0
"('Justin Finch-Fletchley', 'Marcus Flint')",0
"('Justin Finch-Fletchley', 'Michael Corner')",0
"('Justin Finch-Fletchley', 'Miles Bletchley')",0
"('Justin Finch-Fletchley', 'Millicent Bulstrode')",0
"('Justin Finch-Fletchley', 'Natalie McDonald')",0
"('Justin Finch-Fletchley', 'Neville Longbottom')",1
"('Justin Finch-Fletchley', 'Oliver Wood')",1
"('Justin Finch-Fletchley', 'Orla Quirke')",0
"('Justin Finch-Fletchley', 'Owen Cauldwell')",0
"('Justin Finch-Fletchley', 'Padma Patil')",1
"('Justin Finch-Fletchley', 'Pansy Parkinson')",0
"('Justin Finch-Fletchley', 'Parvati Patil')",0
"('Justin Finch-Fletchley', 'Penelope Clearwater')",0
"('Justin Finch-Fletchley', 'Percy Weasley')",1
"('Justin Finch-Fletchley', 'Peregrine Derrick')",0
"('Justin Finch-Fletchley', 'Roger Davies')",0
"('Justin Finch-Fletchley', 'Romilda Vane')",0
"('Justin Finch-Fletchley', 'Ronald Weasley')",1
"('Justin Finch-Fletchley', 'Rose Zeller')",0
"('Justin Finch-Fletchley', 'Seamus Finnigan')",1
"('Justin Finch-Fletchley', 'Stewart Ackerley')",0
"('Justin Finch-Fletchley', 'Susan Bones')",7
"('Justin Finch-Fletchley', 'Terry Boot')",7
"('Justin Finch-Fletchley', 'Theodore Nott')",0
"('Justin Finch-Fletchley', 'Vincent Crabbe')",0
"('Justin Finch-Fletchley', 'Zacharias Smith')",0
"('Katie Bell', 'Kevin Whitby')",0
"('Katie Bell', 'Lavender Brown')",0
"('Katie Bell', 'Leanne')",1
"('Katie Bell', 'Lee Jordan')",3
"('Katie Bell', 'Lucian Bole')",0
"('Katie Bell', 'Luna Lovegood')",1
"('Katie Bell', 'Malcolm Baddock')",0
"('Katie Bell', 'Mandy Brocklehurst')",0
"('Katie Bell', 'Marcus Belby')",0
"('Katie Bell', 'Marcus Flint')",0
"('Katie Bell', 'Michael Corner')",0
"('Katie Bell', 'Miles Bletchley')",0
"('Katie Bell', 'Millicent Bulstrode')",0
"('Katie Bell', 'Natalie McDonald')",0
"('Katie Bell', 'Neville Longbottom')",1
"('Katie Bell', 'Oliver Wood')",7
"('Katie Bell', 'Orla Quirke')",0
"('Katie Bell', 'Owen Cauldwell')",0
"('Katie Bell', 'Padma Patil')",1
"('Katie Bell', 'Pansy Parkinson')",0
"('Katie Bell', 'Parvati Patil')",0
"('Katie Bell', 'Penelope Clearwater')",0
"('Katie Bell', 'Percy Weasley')",1
"('Katie Bell', 'Peregrine Derrick')",0
"('Katie Bell', 'Roger Davies')",0
"('Katie Bell', 'Romilda Vane')",0
"('Katie Bell', 'Ronald Weasley')",6
"('Katie Bell', 'Rose Zeller')",0
"('Katie Bell', 'Seamus Finnigan')",1
"('Katie Bell', 'Stewart Ackerley')",0
"('Katie Bell', 'Susan Bones')",1
"('Katie Bell', 'Terry Boot')",1
"('Katie Bell', 'Theodore Nott')",0
"('Katie Bell', 'Vincent Crabbe')",0
"('Katie Bell', 'Zacharias Smith')",0
"('Kevin Whitby', 'Lavender Brown')",0
"('Kevin Whitby', 'Leanne')",0
"('Kevin Whitby', 'Lee Jordan')",0
"('Kevin Whitby', 'Lucian Bole')",0
"('Kevin Whitby', 'Luna Lovegood')",0
"('Kevin Whitby', 'Malcolm Baddock')",0
"('Kevin Whitby', 'Mandy Brocklehurst')",0
"('Kevin Whitby', 'Marcus Belby')",0
"('Kevin Whitby', 'Marcus Flint')",0
"('Kevin Whitby', 'Michael Corner')",0
"('Kevin Whitby', 'Miles Bletchley')",0
"('Kevin Whitby', 'Millicent Bulstrode')",0
"('Kevin Whitby', 'Natalie McDonald')",0
"('Kevin Whitby', 'Neville Longbottom')",0
"('Kevin Whitby', 'Oliver Wood')",0
"('Kevin Whitby', 'Orla Quirke')",0
"('Kevin Whitby', 'Owen Cauldwell')",0
"('Kevin Whitby', 'Padma Patil')",0
"('Kevin Whitby', 'Pansy Parkinson')",0
"('Kevin Whitby', 'Parvati Patil')",0
"('Kevin Whitby', 'Penelope Clearwater')",0
"('Kevin Whitby', 'Percy Weasley')",0
"('Kevin Whitby', 'Peregrine Derrick')",0
"('Kevin Whitby', 'Roger Davies')",0
"('Kevin Whitby', 'Romilda Vane')",0
"('Kevin Whitby', 'Ronald Weasley')",0
"('Kevin Whitby', 'Rose Zeller')",0
"('Kevin Whitby', 'Seamus Finnigan')",0
"('Kevin Whitby', 'Stewart Ackerley')",0
"('Kevin Whitby', 'Susan Bones')",0
"('Kevin Whitby', 'Terry Boot')",0
"('Kevin Whitby', 'Theodore Nott')",0
"('Kevin Whitby', 'Vincent Crabbe')",0
"('Kevin Whitby', 'Zacharias Smith')",0
"('Lavender Brown', 'Leanne')",0
"('Lavender Brown', 'Lee Jordan')",1
"('Lavender Brown', 'Lucian Bole')",0
"('Lavender Brown', 'Luna Lovegood')",1
"('Lavender Brown', 'Malcolm Baddock')",0
"('Lavender Brown', 'Mandy Brocklehurst')",0
"('Lavender Brown', 'Marcus Belby')",0
"('Lavender Brown', 'Marcus Flint')",0
"('Lavender Brown', 'Michael Corner')",0
"('Lavender Brown', 'Miles Bletchley')",0
"('Lavender Brown', 'Millicent Bulstrode')",0
"('Lavender Brown', 'Natalie McDonald')",0
"('Lavender Brown', 'Neville Longbottom')",1
"('Lavender Brown', 'Oliver Wood')",1
"('Lavender Brown', 'Orla Quirke')",0
"('Lavender Brown', 'Owen Cauldwell')",0
"('Lavender Brown', 'Padma Patil')",0
"('Lavender Brown', 'Pansy Parkinson')",0
"('Lavender Brown', 'Parvati Patil')",1
"('Lavender Brown', 'Penelope Clearwater')",0
"('Lavender Brown', 'Percy Weasley')",1
"('Lavender Brown', 'Peregrine Derrick')",0
"('Lavender Brown', 'Roger Davies')",0
"('Lavender Brown', 'Romilda Vane')",0
"('Lavender Brown', 'Ronald Weasley')",2
"('Lavender Brown', 'Rose Zeller')",0
"('Lavender Brown', 'Seamus Finnigan')",2
"('Lavender Brown', 'Stewart Ackerley')",0
"('Lavender Brown', 'Susan Bones')",0
"('Lavender Brown', 'Terry Boot')",0
"('Lavender Brown', 'Theodore Nott')",0
"('Lavender Brown', 'Vincent Crabbe')",0
"('Lavender Brown', 'Zacharias Smith')",0
"('Leanne', 'Lee Jordan')",0
"('Leanne', 'Lucian Bole')",0
"('Leanne', 'Luna Lovegood')",0
"('Leanne', 'Malcolm Baddock')",0
"('Leanne', 'Mandy Brocklehurst')",0
"('Leanne', 'Marcus Belby')",0
"('Leanne', 'Marcus Flint')",0
"('Leanne', 'Michael Corner')",0
"('Leanne', 'Miles Bletchley')",0
"('Leanne', 'Millicent Bulstrode')",0
"('Leanne', 'Natalie McDonald')",0
"('Leanne', 'Neville Longbottom')",0
"('Leanne', 'Oliver Wood')",1
"('Leanne', 'Orla Quirke')",0
"('Leanne', 'Owen Cauldwell')",0
"('Leanne', 'Padma Patil')",0
"('Leanne', 'Pansy Parkinson')",0
"('Leanne', 'Parvati Patil')",0
"('Leanne', 'Penelope Clearwater')",0
"('Leanne', 'Percy Weasley')",0
"('Leanne', 'Peregrine Derrick')",0
"('Leanne', 'Roger Davies')",0
"('Leanne', 'Romilda Vane')",0
"('Leanne', 'Ronald Weasley')",2
"('Leanne', 'Rose Zeller')",0
"('Leanne', 'Seamus Finnigan')",0
"('Leanne', 'Stewart Ackerley')",0
"('Leanne', 'Susan Bones')",0
"('Leanne', 'Terry Boot')",0
"('Leanne', 'Theodore Nott')",0
"('Leanne', 'Vincent Crabbe')",0
"('Leanne', 'Zacharias Smith')",0
"('Lee Jordan', 'Lucian Bole')",0
"('Lee Jordan', 'Luna Lovegood')",2
"('Lee Jordan', 'Malcolm Baddock')",0
"('Lee Jordan', 'Mandy Brocklehurst')",0
"('Lee Jordan', 'Marcus Belby')",0
"('Lee Jordan', 'Marcus Flint')",0
"('Lee Jordan', 'Michael Corner')",0
"('Lee Jordan', 'Miles Bletchley')",0
"('Lee Jordan', 'Millicent Bulstrode')",0
"('Lee Jordan', 'Natalie McDonald')",0
"('Lee Jordan', 'Neville Longbottom')",2
"('Lee Jordan', 'Oliver Wood')",4
"('Lee Jordan', 'Orla Quirke')",0
"('Lee Jordan', 'Owen Cauldwell')",0
"('Lee Jordan', 'Padma Patil')",1
"('Lee Jordan', 'Pansy Parkinson')",0
"('Lee Jordan', 'Parvati Patil')",0
"('Lee Jordan', 'Penelope Clearwater')",0
"('Lee Jordan', 'Percy Weasley')",2
"('Lee Jordan', 'Peregrine Derrick')",0
"('Lee Jordan', 'Roger Davies')",0
"('Lee Jordan', 'Romilda Vane')",0
"('Lee Jordan', 'Ronald Weasley')",4
"('Lee Jordan', 'Rose Zeller')",0
"('Lee Jordan', 'Seamus Finnigan')",2
"('Lee Jordan', 'Stewart Ackerley')",0
"('Lee Jordan', 'Susan Bones')",1
"('Lee Jordan', 'Terry Boot')",1
"('Lee Jordan', 'Theodore Nott')",0
"('Lee Jordan', 'Vincent Crabbe')",0
"('Lee Jordan', 'Zacharias Smith')",0
"('Lucian Bole', 'Luna Lovegood')",0
"('Lucian Bole', 'Malcolm Baddock')",0
"('Lucian Bole', 'Mandy Brocklehurst')",0
"('Lucian Bole', 'Marcus Belby')",0
"('Lucian Bole', 'Marcus Flint')",0
"('Lucian Bole', 'Michael Corner')",0
"('Lucian Bole', 'Miles Bletchley')",0
"('Lucian Bole', 'Millicent Bulstrode')",0
"('Lucian Bole', 'Natalie McDonald')",0
"('Lucian Bole', 'Neville Longbottom')",0
"('Lucian Bole', 'Oliver Wood')",0
"('Lucian Bole', 'Orla Quirke')",0
"('Lucian Bole', 'Owen Cauldwell')",0
"('Lucian Bole', 'Padma Patil')",0
"('Lucian Bole', 'Pansy Parkinson')",0
"('Lucian Bole', 'Parvati Patil')",0
"('Lucian Bole', 'Penelope Clearwater')",0
"('Lucian Bole', 'Percy Weasley')",0
"('Lucian Bole', 'Peregrine Derrick')",0
"('Lucian Bole', 'Roger Davies')",0
"('Lucian Bole', 'Romilda Vane')",0
"('Lucian Bole', 'Ronald Weasley')",0
"('Lucian Bole', 'Rose Zeller')",0
"('Lucian Bole', 'Seamus Finnigan')",0
"('Lucian Bole', 'Stewart Ackerley')",0
"('Lucian Bole', 'Susan Bones')",0
"('Lucian Bole', 'Terry Boot')",0
"('Lucian Bole', 'Theodore Nott')",0
"('Lucian Bole', 'Vincent Crabbe')",0
"('Lucian Bole', 'Zacharias Smith')",0
"('Luna Lovegood', 'Malcolm Baddock')",0
"('Luna Lovegood', 'Mandy Brocklehurst')",0
"('Luna Lovegood', 'Marcus Belby')",0
"('Luna Lovegood', 'Marcus Flint')",0
"('Luna Lovegood', 'Michael Corner')",0
"('Luna Lovegood', 'Miles Bletchley')",0
"('Luna Lovegood', 'Millicent Bulstrode')",0
"('Luna Lovegood', 'Natalie McDonald')",0
"('Luna Lovegood', 'Neville Longbottom')",6
"('Luna Lovegood', 'Oliver Wood')",2
"('Luna Lovegood', 'Orla Quirke')",0
"('Luna Lovegood', 'Owen Cauldwell')",0
"('Luna Lovegood', 'Padma Patil')",1
"('Luna Lovegood', 'Pansy Parkinson')",0
"('Luna Lovegood', 'Parvati Patil')",1
"('Luna Lovegood', 'Penelope Clearwater')",0
"('Luna Lovegood', 'Percy Weasley')",3
"('Luna Lovegood', 'Peregrine Derrick')",0
"('Luna Lovegood', 'Roger Davies')",0
"('Luna Lovegood', 'Romilda Vane')",0
"('Luna Lovegood', 'Ronald Weasley')",6
"('Luna Lovegood', 'Rose Zeller')",0
"('Luna Lovegood', 'Seamus Finnigan')",4
"('Luna Lovegood', 'Stewart Ackerley')",0
"('Luna Lovegood', 'Susan Bones')",1
"('Luna Lovegood', 'Terry Boot')",2
"('Luna Lovegood', 'Theodore Nott')",0
"('Luna Lovegood', 'Vincent Crabbe')",0
"('Luna Lovegood', 'Zacharias Smith')",0
"('Malcolm Baddock', 'Mandy Brocklehurst')",0
"('Malcolm Baddock', 'Marcus Belby')",0
"('Malcolm Baddock', 'Marcus Flint')",0
"('Malcolm Baddock', 'Michael Corner')",0
"('Malcolm Baddock', 'Miles Bletchley')",0
"('Malcolm Baddock', 'Millicent Bulstrode')",0
"('Malcolm Baddock', 'Natalie McDonald')",0
"('Malcolm Baddock', 'Neville Longbottom')",0
"('Malcolm Baddock', 'Oliver Wood')",0
"('Malcolm Baddock', 'Orla Quirke')",0
"('Malcolm Baddock', 'Owen Cauldwell')",0
"('Malcolm Baddock', 'Padma Patil')",0
"('Malcolm Baddock', 'Pansy Parkinson')",0
"('Malcolm Baddock', 'Parvati Patil')",0
"('Malcolm Baddock', 'Penelope Clearwater')",0
"('Malcolm Baddock', 'Percy Weasley')",0
"('Malcolm Baddock', 'Peregrine Derrick')",0
"('Malcolm Baddock', 'Roger Davies')",0
"('Malcolm Baddock', 'Romilda Vane')",0
"('Malcolm Baddock', 'Ronald Weasley')",0
"('Malcolm Baddock', 'Rose Zeller')",0
"('Malcolm Baddock', 'Seamus Finnigan')",0
"('Malcolm Baddock', 'Stewart Ackerley')",0
"('Malcolm Baddock', 'Susan Bones')",0
"('Malcolm Baddock', 'Terry Boot')",0
"('Malcolm Baddock', 'Theodore Nott')",0
"('Malcolm Baddock', 'Vincent Crabbe')",0
"('Malcolm Baddock', 'Zacharias Smith')",0
"('Mandy Brocklehurst', 'Marcus Belby')",0
"('Mandy Brocklehurst', 'Marcus Flint')",0
"('Mandy Brocklehurst', 'Michael Corner')",0
"('Mandy Brocklehurst', 'Miles Bletchley')",0
"('Mandy Brocklehurst', 'Millicent Bulstrode')",0
"('Mandy Brocklehurst', 'Natalie McDonald')",0
"('Mandy Brocklehurst', 'Neville Longbottom')",0
"('Mandy Brocklehurst', 'Oliver Wood')",0
"('Mandy Brocklehurst', 'Orla Quirke')",0
"('Mandy Brocklehurst', 'Owen Cauldwell')",0
"('Mandy Brocklehurst', 'Padma Patil')",0
"('Mandy Brocklehurst', 'Pansy Parkinson')",0
"('Mandy Brocklehurst', 'Parvati Patil')",0
"('Mandy Brocklehurst', 'Penelope Clearwater')",0
"('Mandy Brocklehurst', 'Percy Weasley')",0
"('Mandy Brocklehurst', 'Peregrine Derrick')",0
"('Mandy Brocklehurst', 'Roger Davies')",0
"('Mandy Brocklehurst', 'Romilda Vane')",0
"('Mandy Brocklehurst', 'Ronald Weasley')",0
"('Mandy Brocklehurst', 'Rose Zeller')",0
"('Mandy Brocklehurst', 'Seamus Finnigan')",0
"('Mandy Brocklehurst', 'Stewart Ackerley')",0
"('Mandy Brocklehurst', 'Susan Bones')",0
"('Mandy Brocklehurst', 'Terry Boot')",0
"('Mandy Brocklehurst', 'Theodore Nott')",0
"('Mandy Brocklehurst', 'Vincent Crabbe')",0
"('Mandy Brocklehurst', 'Zacharias Smith')",0
"('Marcus Belby', 'Marcus Flint')",0
"('Marcus Belby', 'Michael Corner')",0
"('Marcus Belby', 'Miles Bletchley')",0
"('Marcus Belby', 'Millicent Bulstrode')",0
"('Marcus Belby', 'Natalie McDonald')",0
"('Marcus Belby', 'Neville Longbottom')",0
"('Marcus Belby', 'Oliver Wood')",0
"('Marcus Belby', 'Orla Quirke')",0
"('Marcus Belby', 'Owen Cauldwell')",0
"('Marcus Belby', 'Padma Patil')",0
"('Marcus Belby', 'Pansy Parkinson')",0
"('Marcus Belby', 'Parvati Patil')",0
"('Marcus Belby', 'Penelope Clearwater')",0
"('Marcus Belby', 'Percy Weasley')",0
"('Marcus Belby', 'Peregrine Derrick')",0
"('Marcus Belby', 'Roger Davies')",0
"('Marcus Belby', 'Romilda Vane')",0
"('Marcus Belby', 'Ronald Weasley')",0
"('Marcus Belby', 'Rose Zeller')",0
"('Marcus Belby', 'Seamus Finnigan')",0
"('Marcus Belby', 'Stewart Ackerley')",0
"('Marcus Belby', 'Susan Bones')",0
"('Marcus Belby', 'Terry Boot')",0
"('Marcus Belby', 'Theodore Nott')",0
"('Marcus Belby', 'Vincent Crabbe')",0
"('Marcus Belby', 'Zacharias Smith')",0
"('Marcus Flint', 'Michael Corner')",0
"('Marcus Flint', 'Miles Bletchley')",0
"('Marcus Flint', 'Millicent Bulstrode')",0
"('Marcus Flint', 'Natalie McDonald')",0
"('Marcus Flint', 'Neville Longbottom')",0
"('Marcus Flint', 'Oliver Wood')",0
"('Marcus Flint', 'Orla Quirke')",0
"('Marcus Flint', 'Owen Cauldwell')",0
"('Marcus Flint', 'Padma Patil')",0
"('Marcus Flint', 'Pansy Parkinson')",1
"('Marcus Flint', 'Parvati Patil')",0
"('Marcus Flint', 'Penelope Clearwater')",0
"('Marcus Flint', 'Percy Weasley')",0
"('Marcus Flint', 'Peregrine Derrick')",0
"('Marcus Flint', 'Roger Davies')",0
"('Marcus Flint', 'Romilda Vane')",0
"('Marcus Flint', 'Ronald Weasley')",0
"('Marcus Flint', 'Rose Zeller')",0
"('Marcus Flint', 'Seamus Finnigan')",0
"('Marcus Flint', 'Stewart Ackerley')",0
"('Marcus Flint', 'Susan Bones')",0
"('Marcus Flint', 'Terry Boot')",0
"('Marcus Flint', 'Theodore Nott')",0
"('Marcus Flint', 'Vincent Crabbe')",1
"('Marcus Flint', 'Zacharias Smith')",0
"('Michael Corner', 'Miles Bletchley')",0
"('Michael Corner', 'Millicent Bulstrode')",0
"('Michael Corner', 'Natalie McDonald')",0
"('Michael Corner', 'Neville Longbottom')",0
"('Michael Corner', 'Oliver Wood')",0
"('Michael Corner', 'Orla Quirke')",0
"('Michael Corner', 'Owen Cauldwell')",0
"('Michael Corner', 'Padma Patil')",0
"('Michael Corner', 'Pansy Parkinson')",0
"('Michael Corner', 'Parvati Patil')",0
"('Michael Corner', 'Penelope Clearwater')",0
"('Michael Corner', 'Percy Weasley')",0
"('Michael Corner', 'Peregrine Derrick')",0
"('Michael Corner', 'Roger Davies')",0
"('Michael Corner', 'Romilda Vane')",0
"('Michael Corner', 'Ronald Weasley')",0
"('Michael Corner', 'Rose Zeller')",0
"('Michael Corner', 'Seamus Finnigan')",0
"('Michael Corner', 'Stewart Ackerley')",0
"('Michael Corner', 'Susan Bones')",0
"('Michael Corner', 'Terry Boot')",0
"('Michael Corner', 'Theodore Nott')",0
"('Michael Corner', 'Vincent Crabbe')",0
"('Michael Corner', 'Zacharias Smith')",0
"('Miles Bletchley', 'Millicent Bulstrode')",0
"('Miles Bletchley', 'Natalie McDonald')",0
"('Miles Bletchley', 'Neville Longbottom')",0
"('Miles Bletchley', 'Oliver Wood')",0
"('Miles Bletchley', 'Orla Quirke')",0
"('Miles Bletchley', 'Owen Cauldwell')",0
"('Miles Bletchley', 'Padma Patil')",0
"('Miles Bletchley', 'Pansy Parkinson')",0
"('Miles Bletchley', 'Parvati Patil')",0
"('Miles Bletchley', 'Penelope Clearwater')",0
"('Miles Bletchley', 'Percy Weasley')",0
"('Miles Bletchley', 'Peregrine Derrick')",0
"('Miles Bletchley', 'Roger Davies')",0
"('Miles Bletchley', 'Romilda Vane')",0
"('Miles Bletchley', 'Ronald Weasley')",0
"('Miles Bletchley', 'Rose Zeller')",0
"('Miles Bletchley', 'Seamus Finnigan')",0
"('Miles Bletchley', 'Stewart Ackerley')",0
"('Miles Bletchley', 'Susan Bones')",0
"('Miles Bletchley', 'Terry Boot')",0
"('Miles Bletchley', 'Theodore Nott')",0
"('Miles Bletchley', 'Vincent Crabbe')",0
"('Miles Bletchley', 'Zacharias Smith')",0
"('Millicent Bulstrode', 'Natalie McDonald')",0
"('Millicent Bulstrode', 'Neville Longbottom')",0
"('Millicent Bulstrode', 'Oliver Wood')",0
"('Millicent Bulstrode', 'Orla Quirke')",0
"('Millicent Bulstrode', 'Owen Cauldwell')",0
"('Millicent Bulstrode', 'Padma Patil')",0
"('Millicent Bulstrode', 'Pansy Parkinson')",0
"('Millicent Bulstrode', 'Parvati Patil')",0
"('Millicent Bulstrode', 'Penelope Clearwater')",0
"('Millicent Bulstrode', 'Percy Weasley')",0
"('Millicent Bulstrode', 'Peregrine Derrick')",0
"('Millicent Bulstrode', 'Roger Davies')",0
"('Millicent Bulstrode', 'Romilda Vane')",0
"('Millicent Bulstrode', 'Ronald Weasley')",0
"('Millicent Bulstrode', 'Rose Zeller')",0
"('Millicent Bulstrode', 'Seamus Finnigan')",0
"('Millicent Bulstrode', 'Stewart Ackerley')",0
"('Millicent Bulstrode', 'Susan Bones')",0
"('Millicent Bulstrode', 'Terry Boot')",0
"('Millicent Bulstrode', 'Theodore Nott')",0
"('Millicent Bulstrode', 'Vincent Crabbe')",0
"('Millicent Bulstrode', 'Zacharias Smith')",0
"('Natalie McDonald', 'Neville Longbottom')",0
"('Natalie McDonald', 'Oliver Wood')",0
"('Natalie McDonald', 'Orla Quirke')",0
"('Natalie McDonald', 'Owen Cauldwell')",0
"('Natalie McDonald', 'Padma Patil')",0
"('Natalie McDonald', 'Pansy Parkinson')",0
"('Natalie McDonald', 'Parvati Patil')",0
"('Natalie McDonald', 'Penelope Clearwater')",0
"('Natalie McDonald', 'Percy Weasley')",0
"('Natalie McDonald', 'Peregrine Derrick')",0
"('Natalie McDonald', 'Roger Davies')",0
"('Natalie McDonald', 'Romilda Vane')",0
"('Natalie McDonald', 'Ronald Weasley')",0
"('Natalie McDonald', 'Rose Zeller')",0
"('Natalie McDonald', 'Seamus Finnigan')",0
"('Natalie McDonald', 'Stewart Ackerley')",0
"('Natalie McDonald', 'Susan Bones')",0
"('Natalie McDonald', 'Terry Boot')",0
"('Natalie McDonald', 'Theodore Nott')",0
"('Natalie McDonald', 'Vincent Crabbe')",0
"('Natalie McDonald', 'Zacharias Smith')",0
"('Neville Longbottom', 'Oliver Wood')",2
"('Neville Longbottom', 'Orla Quirke')",0
"('Neville Longbottom', 'Owen Cauldwell')",0
"('Neville Longbottom', 'Padma Patil')",1
"('Neville Longbottom', 'Pansy Parkinson')",0
"('Neville Longbottom', 'Parvati Patil')",3
"('Neville Longbottom', 'Penelope Clearwater')",0
"('Neville Longbottom', 'Percy Weasley')",3
"('Neville Longbottom', 'Peregrine Derrick')",0
"('Neville Longbottom', 'Roger Davies')",0
"('Neville Longbottom', 'Romilda Vane')",0
"('Neville Longbottom', 'Ronald Weasley')",8
"('Neville Longbottom', 'Rose Zeller')",0
"('Neville Longbottom', 'Seamus Finnigan')",6
"('Neville Longbottom', 'Stewart Ackerley')",0
"('Neville Longbottom', 'Susan Bones')",1
"('Neville Longbottom', 'Terry Boot')",2
"('Neville Longbottom', 'Theodore Nott')",0
"('Neville Longbottom', 'Vincent Crabbe')",0
"('Neville Longbottom', 'Zacharias Smith')",0
"('Oliver Wood', 'Orla Quirke')",0
"('Oliver Wood', 'Owen Cauldwell')",0
"('Oliver Wood', 'Padma Patil')",1
"('Oliver Wood', 'Pansy Parkinson')",0
"('Oliver Wood', 'Parvati Patil')",0
"('Oliver Wood', 'Penelope Clearwater')",0
"('Oliver Wood', 'Percy Weasley')",2
"('Oliver Wood', 'Peregrine Derrick')",0
"('Oliver Wood', 'Roger Davies')",0
"('Oliver Wood', 'Romilda Vane')",0
"('Oliver Wood', 'Ronald Weasley')",7
"('Oliver Wood', 'Rose Zeller')",0
"('Oliver Wood', 'Seamus Finnigan')",2
"('Oliver Wood', 'Stewart Ackerley')",0
"('Oliver Wood', 'Susan Bones')",1
"('Oliver Wood', 'Terry Boot')",1
"('Oliver Wood', 'Theodore Nott')",0
"('Oliver Wood', 'Vincent Crabbe')",0
"('Oliver Wood', 'Zacharias Smith')",0
"('Orla Quirke', 'Owen Cauldwell')",0
"('Orla Quirke', 'Padma Patil')",0
"('Orla Quirke', 'Pansy Parkinson')",0
"('Orla Quirke', 'Parvati Patil')",0
"('Orla Quirke', 'Penelope Clearwater')",0
"('Orla Quirke', 'Percy Weasley')",0
"('Orla Quirke', 'Peregrine Derrick')",0
"('Orla Quirke', 'Roger Davies')",0
"('Orla Quirke', 'Romilda Vane')",0
"('Orla Quirke', 'Ronald Weasley')",0
"('Orla Quirke', 'Rose Zeller')",0
"('Orla Quirke', 'Seamus Finnigan')",0
"('Orla Quirke', 'Stewart Ackerley')",0
"('Orla Quirke', 'Susan Bones')",0
"('Orla Quirke', 'Terry Boot')",0
"('Orla Quirke', 'Theodore Nott')",0
"('Orla Quirke', 'Vincent Crabbe')",0
"('Orla Quirke', 'Zacharias Smith')",0
"('Owen Cauldwell', 'Padma Patil')",0
"('Owen Cauldwell', 'Pansy Parkinson')",0
"('Owen Cauldwell', 'Parvati Patil')",0
"('Owen Cauldwell', 'Penelope Clearwater')",0
"('Owen Cauldwell', 'Percy Weasley')",0
"('Owen Cauldwell', 'Peregrine Derrick')",0
"('Owen Cauldwell', 'Roger Davies')",0
"('Owen Cauldwell', 'Romilda Vane')",0
"('Owen Cauldwell', 'Ronald Weasley')",0
"('Owen Cauldwell', 'Rose Zeller')",0
"('Owen Cauldwell', 'Seamus Finnigan')",0
"('Owen Cauldwell', 'Stewart Ackerley')",0
"('Owen Cauldwell', 'Susan Bones')",0
"('Owen Cauldwell', 'Terry Boot')",0
"('Owen Cauldwell', 'Theodore Nott')",0
"('Owen Cauldwell', 'Vincent Crabbe')",0
"('Owen Cauldwell', 'Zacharias Smith')",0
"('Padma Patil', 'Pansy Parkinson')",0
"('Padma Patil', 'Parvati Patil')",0
"('Padma Patil', 'Penelope Clearwater')",0
"('Padma Patil', 'Percy Weasley')",1
"('Padma Patil', 'Peregrine Derrick')",0
"('Padma Patil', 'Roger Davies')",0
"('Padma Patil', 'Romilda Vane')",0
"('Padma Patil', 'Ronald Weasley')",1
"('Padma Patil', 'Rose Zeller')",0
"('Padma Patil', 'Seamus Finnigan')",1
"('Padma Patil', 'Stewart Ackerley')",0
"('Padma Patil', 'Susan Bones')",1
"('Padma Patil', 'Terry Boot')",1
"('Padma Patil', 'Theodore Nott')",0
"('Padma Patil', 'Vincent Crabbe')",0
"('Padma Patil', 'Zacharias Smith')",0
"('Pansy Parkinson', 'Parvati Patil')",0
"('Pansy Parkinson', 'Penelope Clearwater')",0
"('Pansy Parkinson', 'Percy Weasley')",0
"('Pansy Parkinson', 'Peregrine Derrick')",0
"('Pansy Parkinson', 'Roger Davies')",0
"('Pansy Parkinson', 'Romilda Vane')",0
"('Pansy Parkinson', 'Ronald Weasley')",0
"('Pansy Parkinson', 'Rose Zeller')",0
"('Pansy Parkinson', 'Seamus Finnigan')",0
"('Pansy Parkinson', 'Stewart Ackerley')",0
"('Pansy Parkinson', 'Susan Bones')",0
"('Pansy Parkinson', 'Terry Boot')",0
"('Pansy Parkinson', 'Theodore Nott')",0
"('Pansy Parkinson', 'Vincent Crabbe')",4
"('Pansy Parkinson', 'Zacharias Smith')",0
"('Parvati Patil', 'Penelope Clearwater')",0
"('Parvati Patil', 'Percy Weasley')",0
"('Parvati Patil', 'Peregrine Derrick')",0
"('Parvati Patil', 'Roger Davies')",0
"('Parvati Patil', 'Romilda Vane')",0
"('Parvati Patil', 'Ronald Weasley')",4
"('Parvati Patil', 'Rose Zeller')",0
"('Parvati Patil', 'Seamus Finnigan')",5
"('Parvati Patil', 'Stewart Ackerley')",0
"('Parvati Patil', 'Susan Bones')",0
"('Parvati Patil', 'Terry Boot')",0
"('Parvati Patil', 'Theodore Nott')",0
"('Parvati Patil', 'Vincent Crabbe')",0
"('Parvati Patil', 'Zacharias Smith')",0
"('Penelope Clearwater', 'Percy Weasley')",0
"('Penelope Clearwater', 'Peregrine Derrick')",0
"('Penelope Clearwater', 'Roger Davies')",0
"('Penelope Clearwater', 'Romilda Vane')",0
"('Penelope Clearwater', 'Ronald Weasley')",0
"('Penelope Clearwater', 'Rose Zeller')",0
"('Penelope Clearwater', 'Seamus Finnigan')",0
"('Penelope Clearwater', 'Stewart Ackerley')",0
"('Penelope Clearwater', 'Susan Bones')",0
"('Penelope Clearwater', 'Terry Boot')",0
"('Penelope Clearwater', 'Theodore Nott')",0
"('Penelope Clearwater', 'Vincent Crabbe')",0
"('Penelope Clearwater', 'Zacharias Smith')",0
"('Percy Weasley', 'Peregrine Derrick')",0
"('Percy Weasley', 'Roger Davies')",0
"('Percy Weasley', 'Romilda Vane')",0
"('Percy Weasley', 'Ronald Weasley')",3
"('Percy Weasley', 'Rose Zeller')",0
"('Percy Weasley', 'Seamus Finnigan')",2
"('Percy Weasley', 'Stewart Ackerley')",0
"('Percy Weasley', 'Susan Bones')",1
"('Percy Weasley', 'Terry Boot')",1
"('Percy Weasley', 'Theodore Nott')",0
"('Percy Weasley', 'Vincent Crabbe')",0
"('Percy Weasley', 'Zacharias Smith')",0
"('Peregrine Derrick', 'Roger Davies')",0
"('Peregrine Derrick', 'Romilda Vane')",0
"('Peregrine Derrick', 'Ronald Weasley')",0
"('Peregrine Derrick', 'Rose Zeller')",0
"('Peregrine Derrick', 'Seamus Finnigan')",0
"('Peregrine Derrick', 'Stewart Ackerley')",0
"('Peregrine Derrick', 'Susan Bones')",0
"('Peregrine Derrick', 'Terry Boot')",0
"('Peregrine Derrick', 'Theodore Nott')",0
"('Peregrine Derrick', 'Vincent Crabbe')",0
"('Peregrine Derrick', 'Zacharias Smith')",0
"('Roger Davies', 'Romilda Vane')",0
"('Roger Davies', 'Ronald Weasley')",0
"('Roger Davies', 'Rose Zeller')",0
"('Roger Davies', 'Seamus Finnigan')",0
"('Roger Davies', 'Stewart Ackerley')",0
"('Roger Davies', 'Susan Bones')",0
"('Roger Davies', 'Terry Boot')",0
"('Roger Davies', 'Theodore Nott')",0
"('Roger Davies', 'Vincent Crabbe')",0
"('Roger Davies', 'Zacharias Smith')",0
"('Romilda Vane', 'Ronald Weasley')",0
"('Romilda Vane', 'Rose Zeller')",0
"('Romilda Vane', 'Seamus Finnigan')",0
"('Romilda Vane', 'Stewart Ackerley')",0
"('Romilda Vane', 'Susan Bones')",0
"('Romilda Vane', 'Terry Boot')",0
"('Romilda Vane', 'Theodore Nott')",0
"('Romilda Vane', 'Vincent Crabbe')",0
"('Romilda Vane', 'Zacharias Smith')",0
"('Ronald Weasley', 'Rose Zeller')",0
"('Ronald Weasley', 'Seamus Finnigan')",7
"('Ronald Weasley', 'Stewart Ackerley')",0
"('Ronald Weasley', 'Susan Bones')",1
"('Ronald Weasley', 'Terry Boot')",2
"('Ronald Weasley', 'Theodore Nott')",0
"('Ronald Weasley', 'Vincent Crabbe')",0
"('Ronald Weasley', 'Zacharias Smith')",0
"('Rose Zeller', 'Seamus Finnigan')",0
"('Rose Zeller', 'Stewart Ackerley')",0
"('Rose Zeller', 'Susan Bones')",0
"('Rose Zeller', 'Terry Boot')",0
"('Rose Zeller', 'Theodore Nott')",0
"('Rose Zeller', 'Vincent Crabbe')",0
"('Rose Zeller', 'Zacharias Smith')",0
"('Seamus Finnigan', 'Stewart Ackerley')",0
"('Seamus Finnigan', 'Susan Bones')",1
"('Seamus Finnigan', 'Terry Boot')",2
"('Seamus Finnigan', 'Theodore Nott')",0
"('Seamus Finnigan', 'Vincent Crabbe')",0
"('Seamus Finnigan', 'Zacharias Smith')",0
"('Stewart Ackerley', 'Susan Bones')",0
"('Stewart Ackerley', 'Terry Boot')",0
"('Stewart Ackerley', 'Theodore Nott')",0
"('Stewart Ackerley', 'Vincent Crabbe')",0
"('Stewart Ackerley', 'Zacharias Smith')",0
"('Susan Bones', 'Terry Boot')",7
"('Susan Bones', 'Theodore Nott')",0
"('Susan Bones', 'Vincent Crabbe')",0
"('Susan Bones', 'Zacharias Smith')",0
"('Terry Boot', 'Theodore Nott')",0
"('Terry Boot', 'Vincent Crabbe')",0
"('Terry Boot', 'Zacharias Smith')",0
"('Theodore Nott', 'Vincent Crabbe')",0
"('Theodore Nott', 'Zacharias Smith')",0
"('Vincent Crabbe', 'Zacharias Smith')",0
